Max_Speed_kmph,Engine_Eff,Max_Flight_Distance_km,Wingspan_m,Cargo_Capacity_Tons,Fuel_Efficiency_L_per_km
2.911379783,1.152811827,376.017335,0.425529541,4.394394098,9.915542946
56.68726794,2.161220196,626.5352106,4.646999111,41.19411049,9.468718106
24.84303876,0.896629261,950.1924682,4.972479657,18.72474497,9.692890265
46.06772611,1.453336613,710.1807928,2.109168034,40.15075726,9.481406622
57.72967114,0.427838092,334.9545405,4.042980853,34.40569407,9.564717934
63.25319474,6.725046423,605.0368756,3.205621633,31.02105523,9.566032565
53.34279395,7.577471254,369.4925635,2.376191693,20.07247785,9.708983171
20.92104911,3.218889625,55.01507761,1.62763817,19.52915465,9.778285897
9.338409765,2.204551297,249.5417474,1.137351041,17.51108508,9.790596565
14.48761051,7.315013568,342.6548553,0.61182617,29.67998907,9.654447013
17.96481751,0.580563207,163.292142,2.09997406,34.6754486,9.618951482
64.15008848,0.052059794,793.2906525,1.678438892,33.98578455,9.516663001
3.267317171,3.937882434,19.61050132,4.081727676,9.348359026,9.901288042
67.45479075,2.770661627,135.3511143,4.651476695,29.75123079,9.62149779
89.06310473,3.065994017,829.8353337,4.708411667,19.75919134,9.630361449
90.41310512,3.350857427,324.5999991,4.978663361,47.62052241,9.400921671
22.8618346,8.37202027,342.4578776,4.89621687,42.49088144,9.517983563
90.49193013,5.736735115,294.1513523,0.987625032,26.39359603,9.616156974
67.15157252,7.417886351,170.3832126,2.679439963,21.805491,9.697755196
20.8224211,5.529623174,275.9137218,2.675272786,10.00546725,9.851531534
89.99425369,3.381028249,610.3346027,0.609664937,31.50085963,9.53396369
27.20403393,9.565315904,394.154266,3.037032784,10.79066828,9.825473857
86.14762029,8.043329181,245.6353123,4.55524254,2.007751102,9.869211337
75.25731205,4.578687853,835.4593945,2.327429837,3.279104784,9.808405701
22.65455323,9.943748347,334.1776028,0.801526085,40.29154129,9.541012274
4.506982739,0.664087515,297.5187795,0.237004873,49.78563419,9.467884797
69.11288861,5.195864409,805.16639,3.312434003,8.663247684,9.763737996
21.96337996,8.676942857,336.9613268,2.238201713,19.55678561,9.748772631
5.202981201,7.045737173,540.0740808,3.380700409,13.91156948,9.801673916
40.69139083,1.926497623,419.6826314,3.267457059,47.23445216,9.444995824
66.34571999,5.2515973,416.3672225,0.527748421,23.85371485,9.653480409
15.51080932,5.821871831,730.2470776,4.732478058,14.84264338,9.763038049
39.69055388,1.829519395,877.9405099,4.120386122,38.74799473,9.485035448
5.729003855,5.56719442,235.013562,0.598425984,39.08065501,9.57996309
21.15813751,5.008116982,526.0963484,1.06641002,24.61305832,9.680101644
5.28198976,0.000724496,880.3219317,2.07794351,45.37098995,9.452975918
49.63073597,4.311082946,295.9121407,0.408444688,15.48473246,9.765930725
60.84702652,7.627863472,540.8255177,3.791279218,7.887579583,9.806194626
58.32399317,8.82603227,217.9602076,1.138344692,37.42162565,9.54566373
81.20567848,2.480463297,331.5698042,3.158847002,19.92158566,9.686421485
62.40109701,4.964300321,773.6513091,4.229443235,43.19136047,9.428320167
61.15250777,6.125841045,449.6468988,0.138070225,14.95901097,9.744292693
6.36977185,4.377852489,849.485249,2.984010089,33.77662991,9.570915404
18.80079718,2.619531497,163.132153,4.213443811,14.01565065,9.824729481
56.23263097,1.41128613,123.9889083,1.737916816,16.5176579,9.766191899
32.88532338,6.00932787,315.990156,3.843679345,4.533538412,9.890180277
32.47858577,6.691931285,602.9321105,0.597578092,21.97367466,9.687491457
30.92214629,6.318704323,129.8702796,3.352829615,23.19162656,9.72417456
27.48899879,7.474439937,187.9098553,0.761189693,0.767796828,9.946042047
86.13003563,4.923655407,516.7156093,0.573813084,5.388806802,9.808310335
33.37834049,5.16230644,700.872219,2.496351783,41.57792155,9.480755222
37.73923317,0.28087992,426.152275,0.425013147,16.10272137,9.758618326
98.51546831,8.573542571,236.4557132,1.879812157,21.55825655,9.662256395
76.38683777,0.334571278,38.62277003,0.585589338,31.41624913,9.605588394
41.45466172,8.489256288,284.0578902,2.446260149,35.33928608,9.576746688
54.52011972,3.167999778,152.5427686,2.703017093,7.107825113,9.859147352
93.93044597,5.398906106,174.9153049,3.603212735,5.177359716,9.836804426
77.164479,4.572891111,132.6619555,0.186055182,49.66889968,9.412880329
27.43682901,9.522486221,501.8363367,2.51507692,4.553485919,9.876844678
95.07058188,7.328958646,518.7278382,0.601285695,8.783828474,9.76521835
43.21666051,3.622588207,558.1380069,0.381719874,2.017300966,9.880796529
51.11030867,0.285013809,59.55195401,1.881707291,3.088953487,9.912044961
38.54696266,2.417505159,187.7702971,2.023399157,5.995195282,9.882724055
34.96393671,4.348736294,830.002947,4.664030912,15.41692172,9.727866551
29.26420497,5.665182743,137.4144264,1.748560924,2.660818958,9.930386163
37.90681438,1.141513457,561.8129118,3.207968672,49.35457683,9.412366126
19.51386623,2.072021488,947.4195186,4.323204192,30.80270247,9.577717157
84.14072368,2.096921447,874.0288229,4.336537548,12.40561242,9.70440027
50.83733143,9.297742639,679.1499962,3.302595527,27.98823003,9.601365369
26.88315647,9.784153715,447.5096456,1.557250483,36.42903548,9.564075524
60.77048133,3.422413082,303.7915909,1.072533426,3.924321837,9.869607141
62.57109065,5.056936381,234.8484108,0.275622628,0.945053413,9.904493534
73.84959297,1.882531892,266.6436194,0.070560969,7.531952742,9.824166518
87.44457176,2.420608347,953.9581985,0.821734192,12.66307293,9.690528879
86.77099685,4.266083387,267.8289392,3.464068814,2.561420199,9.860831907
89.06051766,8.415615454,85.79703513,3.993093733,48.05852209,9.421774558
49.20696192,5.681533501,679.7967402,1.333634716,32.48306295,9.557982735
47.48675001,4.055418046,902.8015596,3.98951555,46.73038141,9.39492928
83.66518249,0.418106012,606.5293911,3.488184408,33.24287379,9.523253141
27.19564348,4.256303515,39.02913808,0.470470638,28.02559503,9.688645492
58.24117645,2.012292906,448.2027237,2.360386299,0.566838877,9.891270162
14.25207833,6.243000573,992.8201078,3.25195874,6.010833359,9.826357577
82.14402971,4.315377212,83.70020921,2.999122917,11.40230491,9.7954629
41.67817474,3.182942499,642.8539475,2.155173364,5.199104661,9.842045384
21.56755661,5.004452736,789.1842271,0.048716326,30.6213642,9.593300379
11.58817587,6.040494238,836.8076355,1.142414832,24.77573762,9.656973684
77.40529258,1.755774793,152.5611427,4.525229343,34.73233257,9.560015267
73.6573363,8.439686276,539.4257809,2.442027496,27.81286758,9.59427141
71.70179689,3.909373052,95.16824672,0.677984423,48.6951479,9.431829899
5.171766234,7.116193374,943.6815284,0.646297736,36.11321889,9.539327892
30.2456598,2.369650183,852.6226082,4.546768458,17.35252547,9.710966825
63.26475367,1.759376343,789.7594364,4.406199439,15.93361761,9.698423127
65.29669842,8.764176979,15.37490625,4.27867631,28.60571721,9.647108639
41.40153848,5.226158468,824.0620081,3.610647748,25.06324253,9.625559835
48.76523259,8.992577127,232.3422036,0.478508479,33.93190593,9.588681488
70.22117122,5.683860268,262.5365451,1.479765302,30.85216144,9.59500356
27.29583423,4.996212124,332.0743499,2.552190881,11.46819498,9.824814781
19.80604783,7.339983398,385.7275374,1.162830956,42.92102007,9.512410998
40.17004765,1.158701653,708.0479638,1.399859946,28.26211227,9.606404033
62.36930403,9.625743711,191.1012006,1.420860286,46.6109916,9.45241066
71.82929063,4.49330997,734.7733972,2.066925616,20.50257607,9.649667609
15.64167542,5.220482466,262.6644142,3.16796718,19.93030914,9.758788792
85.37210327,7.713625911,147.9332332,2.955459816,35.68703102,9.542964263
51.44409116,1.13947282,503.2473941,2.164494948,16.2877218,9.735353951
58.25355715,3.24872333,235.556687,3.679506377,10.66855107,9.811505263
80.52882554,9.791610062,441.2387165,4.06196193,8.418386419,9.791163439
79.73035022,9.624671585,517.0233942,1.278599021,8.041313414,9.788154176
91.66268293,3.245725387,497.0037309,2.167157756,21.76077602,9.641029184
76.52582605,9.351583193,636.7746772,4.785691112,9.52223343,9.764574372
56.39372766,6.855069854,714.9763296,3.779237255,16.65750508,9.705533589
88.21945795,1.317055625,278.5357143,2.343570003,29.59990463,9.587927924
29.52841816,9.07825645,451.8468315,0.501686671,40.95258829,9.515761016
96.54538958,3.463276501,554.6435846,2.915353014,40.08104594,9.447179793
15.18382739,8.41254064,721.6095013,0.17460048,28.34575856,9.629197637
2.803376711,4.964399473,599.4131178,3.174398528,46.34393343,9.473815977
29.70570189,8.445658597,452.2212134,3.334699298,40.39717115,9.521100465
72.40411659,7.955005889,636.0695072,4.003903045,45.45067384,9.409482194
90.44188416,3.278882195,971.9728274,0.288334982,30.82013467,9.504159486
49.52245577,2.304760702,535.1480486,0.329773299,27.68570788,9.620105661
85.44654419,1.409724126,325.3521867,3.155616355,17.96506393,9.702367598
41.50030271,3.384508982,482.6698956,1.865979769,7.212416162,9.838108546
19.88127962,0.7924659,467.6570677,4.227019673,4.527554169,9.888077472
65.87254975,4.202231605,871.3810216,1.816567729,34.72216944,9.499767654
39.91122265,5.41948441,774.9456414,4.839285417,6.744372378,9.815150489
52.90970609,1.322686424,30.50372014,3.739753101,49.16356594,9.452404262
59.54032831,0.72432645,61.72797891,1.572736818,19.04420302,9.743844844
0.386648424,8.426829031,468.5797664,4.97853841,44.20734675,9.510681907
50.07763078,6.270581277,314.5519993,1.516780522,6.510248111,9.853364688
54.54002164,0.816712651,446.8596592,1.6086221,39.52666677,9.505507345
38.14456138,9.014953018,189.5304301,4.652732871,29.66433223,9.646259073
12.02416022,5.021501705,267.9181874,3.745182485,32.56547194,9.635529302
6.273651132,4.175462199,887.1362031,2.039134963,37.18152808,9.533197448
11.33825712,8.669166269,502.4317634,4.737860841,26.8660586,9.669757981
76.92256839,9.721138959,729.3470099,2.886366682,18.33540698,9.666788661
4.252508753,4.325457092,412.4804579,4.115311288,9.46263531,9.859873092
74.2644852,0.375636129,886.3653281,3.339712981,21.12218936,9.625877088
26.55077221,1.844010401,585.6451357,2.051193375,37.15114463,9.543373268
90.67745515,2.956515461,649.9003572,2.113610962,2.136949651,9.822963013
61.5432673,3.637025658,13.72604533,2.361399905,4.583445044,9.891249678
62.81696577,5.264963654,500.3487432,4.684396042,44.02136894,9.446934471
71.39339666,5.775407107,252.3693137,0.040813837,5.981737012,9.843552302
32.029423,1.967278459,570.0038225,2.674749087,19.48957225,9.716074472
80.05445255,7.311571459,687.8828659,2.513376237,2.172261471,9.829434646
42.80277291,4.991818346,447.8475963,0.022373134,32.62144294,9.586198038
25.73927753,0.446588244,503.4686094,4.602736913,1.472014168,9.90919372
1.374159307,5.877480869,542.9862373,0.078531743,5.153437534,9.892792842
83.63946423,4.526384465,124.3872666,0.779602421,30.5711368,9.598210441
32.86659948,0.25705232,636.0184962,0.16176463,5.513997425,9.848391577
15.87682485,1.432779115,761.5629463,0.467227279,7.432079566,9.833646085
44.7015569,1.400836909,746.9360275,2.438729253,43.98216981,9.440783142
3.811587524,8.551983883,153.8109545,4.628173679,16.30205547,9.817786762
51.07830382,0.236940764,729.1389104,1.068856427,45.83083713,9.417699434
66.17870457,2.836191455,260.9085892,0.852396066,40.09352517,9.506795185
43.8476749,2.769456114,952.8195121,4.011204161,29.31515053,9.567718869
80.24486557,1.20126744,672.1637765,1.620757875,34.37544864,9.50878427
96.16571294,7.803595907,565.5588372,3.727666041,23.41658335,9.61311257
27.99451787,0.4063404,677.2030453,0.712957173,22.96739804,9.674611197
66.67545429,8.91294006,609.3636373,1.088623397,23.70278279,9.635360354
66.76200689,1.953175224,732.1717956,3.819121186,26.1264679,9.598756135
85.88012395,2.247398381,537.7374936,4.470820919,35.20757554,9.508270371
80.68743136,2.220930223,572.7805813,1.620213577,32.94582166,9.532576294
52.26096469,6.254888051,617.6700243,3.682179104,39.94411434,9.486530889
6.187776846,9.483768497,406.4449124,0.850485061,46.09900594,9.492177673
78.39914154,4.203538094,599.9145145,1.130986307,20.65651639,9.655044243
40.09399651,7.540404394,431.7229955,3.774356443,39.50397141,9.52169399
38.56198616,4.400633314,520.7159938,0.01755348,9.752750009,9.811838914
84.71371472,7.609403025,77.15158048,3.174488325,1.036767658,9.897203451
53.42036691,1.614816282,853.452347,3.07407611,3.199113109,9.829243267
64.12538606,8.921982111,733.7064022,0.576011538,33.2546632,9.529957342
61.07026805,6.31351864,795.1621307,1.522095696,17.77342637,9.681679255
20.18161375,4.571760831,409.8433617,0.420509216,12.13032572,9.817530793
11.9927583,5.545083973,187.2665263,1.628010996,40.85266679,9.560753921
57.18492203,5.195832923,944.3627443,2.186756954,44.18205423,9.406558261
57.78540051,4.053354816,346.0720743,4.516889916,28.26226789,9.624984713
25.17135644,5.194688609,249.7708935,1.203344484,6.457067596,9.885280878
68.93092538,7.810436077,323.6119729,2.046483254,39.65340459,9.502173831
1.630319947,3.32830955,307.5943841,2.717258476,44.74346198,9.520175622
4.051673614,8.427713553,557.1278058,2.938334633,47.84828184,9.461752727
12.82831064,2.76643565,230.0518097,2.344199789,28.991493,9.674251578
72.78629745,0.530392065,426.1294202,4.621371673,23.12963871,9.653304373
81.76227192,1.119798068,289.6816677,3.676984446,31.06771185,9.578592443
44.31526626,6.689140002,770.9683033,4.487543546,22.01775561,9.658410347
64.26096986,3.814602802,927.0498649,2.403418464,20.52614953,9.637772548
93.94712578,0.019612819,331.9710906,4.191027848,22.57241746,9.647131591
34.83863853,5.878164141,404.675817,1.64751808,13.29866525,9.791707127
31.30454722,9.241620295,959.6729314,0.494152983,36.77069414,9.505021218
65.77626876,6.309686654,32.8433457,1.367269578,37.3051435,9.557887962
49.5806829,0.238883452,526.5155549,4.239024404,43.92101269,9.458557635
89.86259549,5.273323848,466.9675897,1.221723141,43.30387862,9.430401859
79.98571753,8.635748641,225.9449657,0.489514661,34.92225342,9.548197252
91.3151177,9.165767655,528.6314712,3.210526095,5.604059643,9.799781139
27.52877854,5.377509775,880.7688859,2.420698641,29.6354122,9.588040211
5.553643538,9.646539928,492.4272228,0.801352144,16.94854862,9.775718148
51.33073399,1.385143091,196.6468245,4.579484524,43.62762951,9.492728288
12.23021079,2.789979054,635.5843417,1.298768239,0.104193938,9.923169416
70.12145666,1.930785738,324.9555433,1.419682178,7.618459895,9.82119839
13.5685105,1.449134953,967.4916853,3.634254417,47.00376892,9.419644632
57.15399303,3.310087592,163.9268501,2.416781477,24.66992552,9.679754067
77.74698269,5.284394835,194.8503463,4.070953514,7.395800702,9.828809976
52.89140108,0.424691977,369.1809441,3.359365857,6.935425405,9.84083625
52.48799921,5.388391688,909.3551125,2.333146868,3.917544212,9.817401047
14.59372939,2.756086401,798.9540176,1.275541643,30.47146459,9.600796223
7.83816897,2.021454196,619.1428258,0.490693769,35.77712951,9.572476253
44.91002026,2.795752514,873.9002523,3.365790735,3.209219118,9.835607763
67.01976379,1.983792366,920.2589126,0.768659947,30.83447782,9.532609567
24.24065042,9.42166482,324.4671955,2.948182815,6.475468814,9.878557942
47.93720558,6.088362892,770.6961891,2.785337469,35.1799426,9.523193749
85.90815047,2.985567449,340.1669339,0.147869256,27.71309064,9.60294425
97.15309283,7.361026993,992.5855205,2.271760382,37.37367892,9.429851566
16.12082723,4.220064645,643.6138727,2.25156029,1.486109206,9.904656693
31.68426095,6.76067757,395.1937206,2.242024723,42.80895881,9.500706779
26.93908303,6.159316145,845.7705568,4.035753135,11.93618332,9.769122028
5.108977066,2.768277903,176.4034052,0.138553747,15.21808217,9.825069861
52.081139,6.503189786,377.895233,1.021414612,28.46530166,9.625476321
75.23663059,6.949516878,856.984557,1.319335123,25.15049161,9.587559998
48.84374037,3.215825829,686.4209866,0.671171024,40.25745664,9.479939595
3.661917416,3.88179849,607.3203456,2.121820435,32.78460728,9.607759975
3.880061491,8.671605076,77.65712692,1.438731611,14.66844579,9.841669768
1.181363717,0.940238805,851.8839291,3.879074239,36.89967397,9.544633504
68.92962031,0.74530084,298.6574343,0.032866388,3.026051039,9.870944126
3.788759579,1.989340043,56.28354713,0.084418922,12.24573658,9.86812552
79.88539236,0.563110047,984.5492343,3.287916182,43.34104403,9.388249244
66.07009576,7.768737399,300.7788547,1.286623494,33.22124888,9.57163953
56.31543534,5.056632577,177.2552456,1.153242616,27.48625561,9.651096484
40.99180412,9.625122943,552.8223557,2.15855832,47.52994266,9.428426534
9.161385082,2.717819915,346.3944357,4.267513089,38.3205992,9.572993179
30.47141748,8.725633575,62.55666513,2.4673347,32.73421188,9.635930797
31.21943144,0.691710724,257.1603094,2.418858862,15.905318,9.784011358
41.56718565,0.931246177,14.27354349,4.388063238,3.905587293,9.917949587
29.2824576,6.640453738,844.5044303,1.606313683,32.60342509,9.560232848
47.21312932,0.510130331,408.3630032,0.149240262,48.20951488,9.429855422
76.21838,3.392923296,234.74043,2.001635844,15.80822286,9.742225348
37.07944088,9.187144295,404.5251436,3.706997456,7.840651045,9.844061534
53.36810765,4.937339635,591.2319467,3.399437449,43.05097209,9.456998977
22.99672467,3.815341107,57.18278799,3.120906399,46.73799572,9.503905039
39.61971087,9.717510813,597.8752447,1.056233546,26.47645126,9.635828252
64.00455455,6.662728324,638.0418084,0.948069847,10.41552933,9.768035971
24.14630508,7.329939155,499.3545242,3.356277872,39.96817052,9.526236537
56.40695204,4.711410409,402.515097,2.68131435,7.478924019,9.828552298
78.64455027,9.12759237,812.3650361,4.109477833,41.47007063,9.42541824
17.56491157,9.958127295,657.1857905,2.10463532,44.40119261,9.472704583
58.2351273,9.936245091,752.0736945,1.837553546,37.12811127,9.495276391
73.01099722,3.129907778,884.1752409,0.703824582,18.26367574,9.655934721
63.6274191,4.791391192,678.1558976,4.986768405,3.899831853,9.829558673
75.89688588,8.174245086,282.2014413,1.275780262,22.06788114,9.675204159
39.38567576,5.078190676,211.5842015,2.469002375,40.63762114,9.533079693
88.28833923,6.667622625,288.1304639,4.366225592,21.06139555,9.672284659
23.18071903,1.34597309,961.6688579,0.439895772,26.48802325,9.615772163
20.21772716,8.682803955,194.5266935,3.682398797,8.255798421,9.877771619
93.81122487,6.633249994,415.120865,4.812412549,26.20254308,9.602651258
38.40737293,1.624755034,721.0893164,2.981664719,11.14464235,9.778037272
24.99618346,2.203821283,495.841865,0.236446565,14.46237423,9.780795888
73.6623944,6.212299033,818.5961445,3.724124775,1.063866868,9.833839322
56.95691341,4.384167268,361.3000438,4.961907932,32.84816854,9.578431397
25.10700731,5.328660587,95.23193311,3.726366399,17.38258698,9.79154393
16.88833728,1.62421463,15.22886537,3.889401266,36.43499378,9.617238838
48.50258925,3.059647559,391.6116527,4.42044246,6.064988611,9.851686359
2.956474013,2.157244497,520.6856333,0.038414591,5.213236707,9.892842596
69.78639819,4.480628571,948.63896,4.553832838,13.82289482,9.697120758
37.77159301,9.181717313,579.2575947,1.848609539,40.02033527,9.504099295
92.45041076,6.734930647,230.9035778,4.096302579,21.02630807,9.674196151
69.80465799,4.863536164,940.8649044,0.341876203,7.78983522,9.758210499
19.45682618,2.210005067,235.4276184,0.764251024,34.64587762,9.610541636
21.81557483,2.35453481,197.3882622,1.993436098,47.92965515,9.479149047
36.67802196,2.976241797,68.5995909,1.762637658,11.60980231,9.840363996
76.2927338,1.116282999,143.681042,1.392551504,14.40134147,9.765325747
84.63049367,7.912836565,578.6356332,1.442943394,15.94391766,9.698066766
59.2218275,7.398665588,384.0980551,2.547810143,44.40165683,9.458351799
64.97908567,5.35550132,71.22246114,0.880076059,10.04957919,9.827402876
62.31482925,1.081127517,28.99486998,1.801752788,35.94295893,9.575356095
69.32493543,7.92670352,696.2482563,3.066427893,24.30810484,9.617969191
20.84983205,5.685480559,636.6247482,0.618716642,28.25736693,9.632914024
9.774871319,5.470768023,158.918891,0.595067736,5.655002801,9.917783212
91.10253128,5.980873175,250.1587222,0.35724439,26.80907093,9.615790887
14.48029709,7.784029344,496.1096566,3.632244424,19.78632994,9.738045438
70.23227446,6.846143563,561.4162081,4.228698171,29.12367868,9.582389318
57.81104108,3.079831073,931.5062661,2.585697858,19.58573288,9.653181004
54.16422916,1.452421387,265.1252371,1.533409311,25.75793846,9.661743863
69.55108338,2.872024621,135.7659956,2.796090914,42.73249157,9.489547401
41.82320864,4.757729089,289.2085122,4.044170617,6.033247269,9.868923467
17.10887177,9.999566128,682.2157526,2.740262033,39.75539726,9.51711558
99.68824547,1.908742809,791.3930388,1.710810413,36.56163425,9.455556108
70.76597275,9.983300428,111.8720518,0.010626974,37.38922323,9.54415459
56.87769183,6.90874128,753.5250348,2.467532759,17.82672625,9.689502542
77.03758863,3.801299287,622.1922695,4.467030133,7.919573605,9.781547448
0.890615989,2.567566112,797.4719434,2.834128212,47.30804318,9.446281758
54.78740999,2.657813826,765.8853047,3.28775193,41.034168,9.45828238
66.7998476,4.519490104,277.0826691,0.278002324,15.39681263,9.751523759
4.625847757,4.300270708,225.7999119,3.518238041,11.00892633,9.862704898
8.143183557,8.387972784,60.03286029,3.754792297,46.4712663,9.521140867
10.71291187,5.596679299,451.7267103,3.993550294,31.17400031,9.632374414
27.82734366,0.014690061,482.8677288,4.470544412,45.26815852,9.471204298
12.52969831,8.606769674,34.4312858,0.461746377,48.31104062,9.500916767
38.69674072,0.707838967,470.4553544,0.230685099,0.818507745,9.906072646
56.17502294,2.112062198,621.9125898,1.673496319,6.623851644,9.815395202
98.44018582,2.499414155,61.97714607,1.394183101,12.5850028,9.769512072
29.96463042,3.556742312,805.1651808,0.29892218,17.7266335,9.712252516
10.3745543,9.821966461,143.9717323,2.395174724,24.00217163,9.735206556
78.11782086,2.721458713,737.7738575,0.131692796,46.35752188,9.384529575
9.895565126,4.808295044,173.4297133,1.843083865,32.10102584,9.651751205
14.2472175,2.891085199,679.1823327,4.222722738,29.64488812,9.621385668
52.29846653,1.096090123,146.5404616,4.790956856,0.131243004,9.931735057
48.44186863,7.563424807,209.9630302,2.297818582,24.65305955,9.684031233
26.03971577,8.787512511,925.1561801,3.746684252,0.431829586,9.87712637
62.89255677,2.32111868,267.1846591,0.919019775,28.62057142,9.624183263
44.6718656,1.935641094,932.640931,1.196115767,38.93694518,9.47269459
2.469090025,1.834801085,818.8660675,2.682132781,32.30537669,9.592590536
42.88983914,4.356321297,125.4040138,0.85496323,45.94985384,9.485071221
45.76321023,4.72455089,666.3307729,0.070634775,26.63470767,9.621256636
88.53355519,4.173045002,412.6036846,2.266551273,42.75510263,9.44265505
61.00010862,7.47350903,718.1501574,0.254298746,48.8349813,9.378835063
70.62081724,5.801252462,45.17657995,4.590405952,23.47784082,9.690083117
91.11923814,4.184069336,577.3050001,4.468589648,23.04154664,9.620734795
17.95314032,4.250649134,381.6266292,3.654315323,42.03668133,9.523517383
1.133226231,4.948151341,267.2670393,0.822163448,33.28528338,9.639287236
83.55456412,5.44405754,193.7941571,3.756426635,26.06663345,9.636399686
80.46381268,9.647228265,419.3509917,1.595010477,14.10397545,9.736561334
69.09864667,9.718774082,285.8189541,2.311391078,28.81654632,9.614153995
95.3923591,2.47145166,961.6329757,2.620130473,36.4193481,9.444250862
78.13408968,1.646092289,974.744605,4.880602889,43.30850276,9.391306422
84.33548155,3.262644217,852.0664607,4.441639786,13.32632256,9.697194647
17.06562199,7.569787491,577.7352939,0.539315999,19.97527995,9.725408049
33.19999452,6.60690814,420.405154,3.243381497,39.9694034,9.525065456
70.70725523,6.175353429,906.4677298,1.238908784,25.37782494,9.584867722
75.6111653,2.24034397,211.6936416,3.421365226,39.03195784,9.512899892
88.63647883,4.48313689,716.2960924,0.854747771,15.73796262,9.682354286
63.21208143,1.47883552,955.6823887,0.639287389,38.83820841,9.452837596
31.86138553,7.329052811,404.7577079,3.738144226,45.01691714,9.477493672
59.61433368,1.639280668,951.069425,2.662427914,11.9713697,9.725565027
40.84273006,7.210925517,935.3004084,4.532931589,7.014464895,9.79548258
87.17895851,5.901671803,409.679465,2.321835122,39.73058591,9.474547236
84.47750794,6.578968948,58.46129303,4.042318366,1.287210687,9.896804256
38.7768142,4.441674377,506.1066942,1.279766964,20.95330957,9.701079421
78.72984266,2.712664067,813.250762,0.062879254,7.139943345,9.768545648
92.53006742,4.703999292,50.7976399,3.052216263,22.80035204,9.674386648
8.85876688,3.479624931,614.4260844,3.138542723,44.34515148,9.48624711
49.25060894,1.047377939,113.5531071,2.084016534,9.266056936,9.846733511
92.09538328,2.120782427,376.3697566,2.561909412,16.52011187,9.705066522
66.45962662,6.05255556,939.3676948,4.159795303,30.14808443,9.53812276
44.67117126,6.147746873,623.0659996,1.347888,8.900879273,9.804013436
51.90075538,3.072631305,385.2304467,0.008318118,34.08389889,9.568737211
5.801545717,7.354714682,207.9598581,0.823824516,30.02781131,9.673124355
98.3472938,4.220695902,869.3191021,0.309204378,25.43341287,9.560386667
68.17658643,3.75389219,129.4695225,0.077032229,19.3371168,9.725505293
74.27384671,9.905517338,463.0726237,1.474585887,17.33334205,9.70608547
9.19310792,4.501132323,627.128623,3.117887061,0.638451376,9.921709516
63.37319645,6.656864287,502.0245284,4.724396497,12.90223721,9.757401979
85.19159087,1.742215638,261.9551745,1.024493875,44.26597482,9.445953144
79.35256795,4.504837751,378.0230719,0.064506449,35.09697943,9.531875331
96.49381253,7.785193236,233.0766262,1.322510157,21.14014327,9.668797092
40.77316831,2.323376815,791.6177878,3.930428499,35.32354174,9.526829636
0.496060157,9.173782984,337.5581051,0.144093777,31.87095171,9.647038612
73.75992952,6.709610146,390.9162481,4.305830003,17.82542552,9.70889419
53.825825,9.217565394,727.8953217,0.473341615,38.85693204,9.484815322
90.16909835,8.253882832,476.7652855,4.125738956,3.781454548,9.824339828
25.42266118,8.668668961,41.38781121,1.990270096,43.02349429,9.540203615
44.58547688,0.846207688,459.1125232,3.661079663,15.81959871,9.751307284
90.65309186,9.407964011,167.7655808,0.466932191,14.96784017,9.742891948
46.90426473,1.570140718,241.5683131,4.666493766,35.74400107,9.571498893
59.79459946,7.079557172,2.725869009,0.727606835,34.58751122,9.594057701
71.49684979,8.529729217,585.5502285,2.78625022,19.88188695,9.671129258
81.65560804,8.520230521,451.5929631,1.877964308,2.520254616,9.847982549
79.2076576,6.7305705,439.2019707,2.523426867,44.80261257,9.42884602
87.76740768,1.790835184,849.0094927,2.548694717,5.305897451,9.774272669
31.14837188,6.8694574,893.4339104,0.541748672,30.48265993,9.574681638
67.81289259,2.761770063,756.640596,0.516641569,11.9838444,9.736684604
0.04909638,5.027379168,263.4359552,0.390337362,44.04407268,9.533166581
19.86649848,5.673197886,271.4654303,2.987497878,32.71483168,9.625838642
72.55912918,2.957260787,47.2551184,4.28635824,48.46468934,9.438068466
88.62247188,0.826100487,785.1361948,2.430017323,31.60606684,9.51680324
61.17152506,5.350312901,675.0779395,3.081607143,28.84203918,9.582900289
14.28245331,8.649374487,753.4954226,4.821846,39.58715017,9.514496503
58.2521271,9.171675511,654.2627086,1.550648449,8.775170704,9.788569895
60.43077792,7.361741349,824.1621349,1.426439697,45.10000708,9.406152938
57.79712762,7.230930547,808.1328331,4.656409921,14.49951736,9.716394416
39.24666186,8.999673055,834.4761385,1.99568122,23.36691329,9.643636591
71.71476261,0.612496461,367.3186156,1.031151001,25.93975918,9.632155784
77.21024262,1.299248666,986.7344572,2.335558552,38.65083435,9.437607968
35.2416347,4.881367782,964.8642417,3.451310785,1.282661007,9.855445331
23.19821334,2.59260757,958.9069246,3.84784335,33.93153086,9.541595786
6.965073866,8.038145254,181.6732615,0.743902373,43.44249518,9.540442648
0.503714395,0.632798841,919.4059889,1.257777152,38.71691372,9.52038655
65.71731874,1.122323623,794.9289033,1.036954928,34.77132905,9.5070765
38.08533426,5.447598583,946.2064597,1.295899452,15.05497287,9.716744291
29.25254167,3.700227271,576.6234373,4.001255963,44.65567591,9.466528356
6.118888421,6.50096535,592.4045964,3.004695295,39.66666559,9.537973996
93.78562652,7.482561622,171.6247004,4.773255814,43.26030132,9.45644889
29.96554262,1.222523341,805.990602,4.881759124,6.374355401,9.825691843
65.13593483,0.09836888,35.49290759,3.925911051,40.77917917,9.523522983
34.93461632,4.479603706,779.4772004,4.288523276,13.80503661,9.749067298
78.42878719,2.008780519,447.3422472,3.594486259,34.28992127,9.533937775
50.22890565,6.698734052,50.53289069,1.441336283,10.81364838,9.836581321
8.179307572,2.076891353,860.0301378,4.481397036,26.65531225,9.639264556
48.43951385,4.631676999,959.0449877,4.704093379,10.82439608,9.747412027
9.499174929,0.543831708,357.6633522,2.087714255,12.3837872,9.830896618
92.02250726,8.371540043,744.463074,2.419481984,44.32478842,9.390283301
94.51873551,8.876720001,261.3612276,4.321136869,17.51835559,9.704161586
12.32682233,7.436223992,808.8845606,4.933903813,24.0478742,9.66630598
25.1022538,0.653915207,413.1835694,2.887143125,24.82490411,9.685330348
16.27876494,3.715454704,917.9064456,2.2964693,25.61117228,9.635818868
47.19116188,3.847152629,60.6270909,1.14592254,24.99989182,9.696747211
58.44328307,4.781379595,363.8927743,4.017487357,34.73828064,9.557784633
94.54201509,0.277355663,744.0794496,0.306879343,14.54897188,9.685560321
91.71019677,7.753552964,662.0191625,1.998482358,2.49137744,9.817174113
26.02528048,4.808688173,422.7783929,2.290662555,1.515546466,9.916541416
63.30741052,4.509655819,16.78871754,4.69606671,9.885021155,9.836163506
16.95895946,7.550940452,348.6631546,3.057741902,0.298307041,9.945191655
43.14338936,0.248340116,209.561852,0.973587069,48.54633796,9.450437046
30.24130865,8.392513859,420.7565815,4.310646652,33.13936147,9.596289418
0.70924245,1.116002251,31.34500685,0.452225273,11.01570349,9.885999222
78.55826878,7.336806309,244.7135562,1.952114708,42.97439676,9.467226408
7.232115926,5.648157587,115.0280632,4.970273632,22.08230762,9.760442002
91.5271285,1.529827123,990.3061733,0.296519668,2.946116117,9.779981093
82.3237136,7.765922415,247.936789,1.234229603,23.632754,9.656555067
94.36025392,6.258865253,832.5296574,4.335517108,6.722469632,9.755162084
57.88085312,9.869407771,95.64526645,2.217732208,38.24266589,9.550127961
98.95770615,1.197161047,404.4393011,3.764802809,29.70399697,9.563558394
87.86530667,1.021466908,542.5125613,3.045969563,40.71322698,9.450751167
84.56225589,4.741650602,604.3249058,0.039263647,34.4514512,9.510490741
1.544607468,6.470883665,505.8960465,4.770298594,8.153700684,9.866328781
38.37767279,8.572975469,514.0953731,4.073121679,25.37127255,9.656500064
68.24019964,8.815425961,54.81582681,4.404290073,8.948032566,9.836797892
75.52970783,5.658311158,332.9224038,4.792548598,42.07166509,9.470461401
28.55572161,2.026831542,358.9905287,1.660579074,7.987859357,9.855666632
93.74075729,8.876249723,874.8449947,2.278556598,39.48000699,9.423974673
36.03576642,8.605987936,906.4449642,2.691499625,23.8096113,9.635223624
53.26990746,2.38122218,91.85868066,1.934599958,39.2037313,9.545506912
68.17517685,8.408727235,451.4682648,0.621359902,26.13126166,9.62536538
3.949000978,4.308684181,201.416861,4.221239584,6.446295293,9.91144636
47.46374227,3.851376876,845.3850947,2.808123515,23.74773222,9.630520426
59.61940429,2.321411117,521.3835409,1.750187691,5.44589675,9.833783274
79.14985973,3.607954229,278.9112105,0.002848087,1.900224399,9.873956775
25.18444713,3.295302893,699.127618,1.842280312,39.8262444,9.506640347
58.71662145,3.505670531,157.3974488,0.006847047,19.15571376,9.733986496
40.67203069,3.638912436,802.4040447,0.477776403,5.745111209,9.821636453
23.34633086,5.137327034,725.9014006,4.518318703,13.35474176,9.770516111
12.77993517,5.092144996,299.5924104,4.922460194,1.992125618,9.937339568
19.08950311,7.535587528,386.3775743,2.811190797,40.77259052,9.534546834
66.68632041,6.035510202,681.8236386,0.321223285,4.889963336,9.816231682
60.75489453,3.678443387,995.714191,4.1032951,46.32392225,9.376434464
18.04632918,6.247302916,27.87741541,3.675711601,2.111082611,9.958055103
67.40795417,2.123688454,591.1909884,1.379873437,1.12014069,9.86227154
68.55370491,4.486591442,724.2306625,0.281422492,26.51017108,9.593921518
5.426639465,1.438470457,784.4132574,1.143361524,4.666175866,9.869470276
14.18087177,1.414322095,843.8238909,2.949712684,39.61745107,9.505262228
25.72190964,6.263408325,898.907591,2.669777454,43.53670281,9.449020303
21.80457146,9.669267,79.69248856,3.805541799,10.08594121,9.869366768
11.68877019,5.590259315,317.0222826,1.112599756,21.95616449,9.737047357
98.8421433,6.326775585,278.6029656,4.929511016,13.95833404,9.73371422
71.96516119,2.633328145,774.3064479,3.219920622,28.63534313,9.564250763
45.88948743,2.428432598,609.4272385,4.371737746,1.565270703,9.877515082
73.26697388,8.799225352,616.8877803,1.292153162,17.57375297,9.689306718
74.88048209,3.668223644,8.073156094,0.527591473,14.26701851,9.781642017
39.31698032,3.643247231,806.4277211,1.107913681,20.51566578,9.67488359
81.42268941,7.934372805,205.2253062,1.820365061,7.815657477,9.819898205
9.00999882,5.541931862,319.4922424,2.568446083,29.39549493,9.665085828
60.61922676,9.407652067,234.6492197,4.490426466,2.565433092,9.89026152
3.038283911,1.087680697,643.6891471,2.651467587,8.106159155,9.85153121
14.79049474,5.294293084,959.0058988,0.91365003,12.95647551,9.75974416
12.05832924,5.946018437,926.7692899,1.190075707,23.62106316,9.65905411
90.76145586,7.082831406,528.2866635,3.19653384,36.54197851,9.490990093
72.84784521,4.849771083,281.4759938,1.030872964,45.93069388,9.439697617
5.824669633,3.370731404,690.0501378,3.000345137,21.66093001,9.708561017
10.42328659,1.395280513,696.5228727,2.418483072,16.97753655,9.750149061
37.47935311,4.286859808,683.0566189,3.004738948,3.524148975,9.858973495
15.74778591,0.705556869,34.59012575,3.88002459,42.54794538,9.555313748
41.61778322,9.688407845,863.5977022,4.301925219,18.35922,9.688430247
95.43471631,7.489298456,353.6924291,4.44416447,0.205614998,9.867139891
57.15910412,5.20172793,81.78994053,4.311782448,14.08555838,9.793806318
37.63500795,4.751534144,816.9348305,2.974690154,28.19786018,9.598692907
36.23775759,2.796846718,478.1202319,1.27866766,16.97557191,9.7461945
44.03763349,8.435008644,930.5106167,4.148706848,26.28498574,9.600061447
71.15572533,3.352086092,459.1969226,4.702448282,17.747374,9.705450842
17.29856773,4.72094057,652.5916188,0.632571299,6.105070934,9.856391561
30.36948909,9.076491014,674.603851,1.109670782,30.17437803,9.600426345
66.02398338,5.230546799,759.3824605,0.123694943,9.555861355,9.762479157
96.63717444,4.977400018,76.51479839,1.540898451,0.088619309,9.894825153
57.94142419,9.994782501,590.0994975,3.050364644,16.38633064,9.71918532
23.70325456,5.08156572,899.786167,0.048755521,28.48254211,9.601492708
42.85110713,6.21179306,839.9580262,2.245219563,10.88413908,9.764311699
37.66069869,1.505513717,84.89921421,1.879381747,31.28492748,9.641000105
26.28353361,9.156841595,688.9512995,3.431567266,34.58553426,9.558965994
0.168449823,8.130067534,917.6086279,0.096989919,29.91469952,9.608923692
67.65757701,1.962425809,838.211263,3.129157071,11.25275367,9.73599376
96.71901167,2.158656247,678.5878069,2.369448894,36.16424113,9.473779796
9.775912392,9.525452555,204.4890308,1.101919696,27.70142677,9.692760917
34.97332634,4.421296857,37.09849653,1.174422226,38.67665584,9.574550266
90.2215154,2.334774429,773.3489997,0.144733465,2.236214003,9.810081445
39.30092184,1.479111457,166.1385686,3.136985124,42.90821344,9.515003087
77.89672418,3.364938084,875.215967,4.206729602,26.21058484,9.572475831
47.58760627,0.584624187,150.5250697,0.427065998,26.3386251,9.673973636
67.66384962,6.187820104,872.8852436,3.29351202,41.48538455,9.430193781
14.04251846,1.716480746,918.4122777,1.77352341,10.84993834,9.78561687
91.20692353,9.701045244,637.7696459,1.941693006,34.41928777,9.500823234
1.55578769,1.447122868,368.7144441,4.161122507,15.21579532,9.809414815
5.787189175,3.787352733,241.2541525,0.28029969,19.94621288,9.770625267
35.14213919,7.338399809,63.20482122,1.895272231,17.12167614,9.787320617
64.68215249,8.87920771,142.9897901,4.081268757,30.48617014,9.616157167
2.924269401,7.668886792,537.688033,3.999644123,20.44340164,9.738872911
66.55027938,1.988042054,191.8445747,1.701312041,25.97202532,9.65454501
71.65267906,6.668048228,821.3445632,2.131984579,45.62646272,9.389948237
10.91677241,1.872033088,683.7175753,1.2688634,8.22952731,9.838416197
88.64937449,0.684008465,991.4711074,4.312946557,43.41288737,9.378074641
62.87130625,2.248556798,798.0915547,0.269002826,29.10576725,9.566261866
43.91596351,7.50406832,23.7681322,1.933927519,23.85472008,9.715160023
15.23592255,4.147201868,910.4776861,2.343171121,12.58880888,9.76782822
53.2335061,0.608424346,294.2685428,3.918183708,32.09571251,9.596382514
2.398485159,5.698759987,217.3400804,4.878749079,39.18434978,9.584024009
12.79080992,3.855456777,489.9696315,0.911858569,35.21419267,9.5860703
84.13787603,0.044645954,133.2233881,1.417314196,49.20551138,9.410484671
40.45278785,1.70251963,120.927118,4.506780818,40.51220422,9.542332458
61.93006073,5.396956571,777.1537615,1.590752692,31.99273286,9.540427235
73.68454414,5.756487262,168.7319535,4.929523982,40.55977809,9.50384448
49.06269432,6.199701756,760.0759907,2.292925918,36.95581024,9.505371604
77.29278978,4.590073895,187.7681278,2.988835394,27.71444196,9.626785978
50.04936858,0.585820232,777.5631943,2.693541268,21.53257261,9.656868586
81.48922205,1.968846911,271.6813581,3.198635219,19.50290187,9.696313623
30.30692892,2.546159351,485.7307867,3.877684362,40.2662979,9.518457013
79.05697007,8.856452507,50.74183064,4.9110843,21.32307459,9.702638101
19.29821079,9.700227834,825.1823229,4.648617762,26.15768629,9.636606694
74.77418496,5.194640378,539.4501138,4.757504822,36.91784918,9.502102312
56.67778068,3.927352644,164.3276386,0.578651873,14.98330728,9.777056383
69.28043452,1.915526188,131.4621366,0.388786885,42.312469,9.494448662
24.11898218,2.008504641,390.8538679,3.147431002,29.31298786,9.643665752
92.36578069,6.819721304,561.9715501,3.557990836,33.1861744,9.51957532
76.74783192,5.724263128,807.2907951,4.500286525,34.82384147,9.494284674
35.7619858,2.799782356,637.1856652,3.157145691,1.195528193,9.888564166
74.71093896,2.218744868,54.49016214,0.765996038,32.83904442,9.591449601
52.30546881,8.469377416,106.25275,4.147583203,32.545895,9.611610306
21.49295439,7.369056157,741.3332879,0.540007922,13.32234055,9.771150311
63.88649039,3.80574663,765.244946,2.680212204,42.84985374,9.431090478
11.10260154,7.337467725,464.6399701,2.596954779,14.20227811,9.80041062
26.90631537,1.898038154,373.3456826,1.194939225,9.486403815,9.840895078
96.17959126,4.474142825,678.1223326,1.870740793,28.48968719,9.551111304
49.9202109,6.126881484,722.7287544,3.319546029,38.10516943,9.496755219
14.63044079,0.940311405,338.8994331,2.409139304,11.22012932,9.839278323
77.322453,7.195559442,913.5789183,3.644800988,5.357265893,9.777746996
66.49948238,4.120593377,259.6147771,3.009757112,15.10950837,9.756443956
53.08563257,5.759773854,529.0669153,0.053432601,17.43694571,9.719638219
79.04622643,3.468956441,509.3794998,1.733160398,9.961895374,9.77039687
19.97534707,7.488595846,627.9526596,4.660285205,21.050233,9.706727057
63.65672594,4.685395758,473.9378729,4.270436878,22.71513719,9.661798115
92.81668006,6.205072571,85.42429297,0.33991458,49.11571062,9.407483784
39.9359386,5.874588319,431.5860697,0.794482192,6.277585153,9.854129603
21.26961526,6.053378112,546.5335874,1.642942161,2.208711985,9.901989906
32.40280501,3.983033237,756.4237829,3.687419947,11.07040483,9.781250768
22.7673952,6.278828274,651.7763474,2.80551388,5.598569016,9.85606928
28.57201484,0.317032115,761.5941475,4.032517137,46.02402997,9.435028271
8.791556678,9.062129562,918.425223,4.988529962,38.8944284,9.510421637
26.26378356,2.645588697,688.2168777,3.398663308,33.01646003,9.574749928
35.31208682,5.197972783,301.4974791,2.983953577,38.62010886,9.548337077
69.86962797,4.325053283,524.7284011,3.862092483,11.64264546,9.761231077
22.1298599,4.849868131,494.1364783,0.11736374,29.09731695,9.637483323
41.77414323,5.76379705,914.8236739,1.665590415,5.391792212,9.812825567
20.65186888,3.065370579,863.470096,2.745371461,49.75410333,9.395460088
28.50320159,0.687268161,301.1881363,4.962974662,37.15495824,9.569828402
91.50613496,5.948447337,275.3634504,4.772156895,11.45782262,9.766379294
39.7114034,2.93387807,643.4590492,2.09004863,47.85541042,9.417388588
96.74200787,0.96914018,928.3330925,3.989980076,35.61687181,9.454255965
36.27859814,6.795572399,810.6664339,4.15212373,40.28878093,9.479766949
32.00235901,1.85012992,543.7753506,1.271130105,39.24925912,9.521127515
4.466998652,4.254085477,778.588029,0.40279552,34.34895726,9.574184626
23.10632565,1.273938928,307.8868546,0.09668124,31.50112486,9.63109374
33.29088829,9.937111995,97.83934695,4.474421379,24.89788743,9.707946303
11.77007191,8.561173411,111.0455637,3.229296404,12.26087813,9.85451659
44.91175442,5.730199231,919.6754596,1.422568802,19.38474233,9.669273276
19.95957708,3.436216353,125.8118279,2.740416981,27.96158069,9.687843433
62.33731362,2.303523796,432.3556529,0.207145437,2.01283438,9.874298777
30.94628584,4.891429512,692.9740182,3.793367325,20.089049,9.698865822
75.56064216,7.276040107,632.4741705,0.708148806,14.36219943,9.717569946
53.38767518,8.139319337,403.3138168,4.835331232,33.27002849,9.573580658
31.30556371,5.614340802,375.0736815,4.559905722,2.4173597,9.907013471
22.8915535,0.96566531,805.6196919,0.955397012,37.14236905,9.525122787
56.15964941,8.302159852,994.9487927,0.771183933,7.520866573,9.769136806
63.62155334,0.36304373,817.4179502,1.883196459,19.94673615,9.65516929
57.20458128,3.420953908,300.2352399,1.024846094,35.94107352,9.55336116
76.86125608,6.081026641,236.0338014,3.473794716,7.892945307,9.820605911
87.82824617,4.463260584,475.8612739,1.020740952,30.77555606,9.556830066
98.50488848,5.89100485,652.3451546,1.44244583,16.2925704,9.673334892
19.63555901,5.14601672,147.9745767,3.092406381,23.26551121,9.732911871
62.4311893,0.707208496,884.0570721,1.892906891,10.34656793,9.745697424
50.07837145,9.298208967,694.2861467,1.700433601,15.19217737,9.72857124
66.1286557,0.888046565,365.4101825,2.393388918,38.02587386,9.517071587
32.55173136,7.921518286,782.6874906,0.097316052,9.520656197,9.793972958
65.33942787,4.960420603,27.63632155,1.798244405,31.28867999,9.61901014
99.16863398,2.068744952,152.7190067,1.82184231,27.54563146,9.610103151
66.4499318,3.60814757,228.4416383,0.026122152,9.172349952,9.818982405
10.00635644,2.421098655,322.5744726,0.393692007,20.29229794,9.754813217
16.76260797,5.813675517,377.877415,3.198260329,38.80771937,9.557372457
8.470299482,3.824786767,977.7751802,0.01154798,22.94555034,9.664296679
46.89095559,8.237215576,290.2269068,3.880153248,0.110011128,9.922986242
49.07500178,3.193204883,808.1555297,2.014736394,3.493920981,9.835170235
70.8386965,0.132229875,334.4165396,2.491649989,37.08712056,9.524848444
31.30639129,1.040974545,825.2565368,0.049113311,43.65655662,9.449602389
10.64975391,1.257009545,166.2288643,0.741715047,39.73895259,9.575337834
81.09813645,1.694679866,112.5176207,2.86240315,34.98534787,9.557796623
55.90398575,0.276898665,766.0882525,3.57095108,35.86297876,9.508857401
20.7213229,0.702827077,997.284423,2.388986163,36.31213712,9.516428864
9.641737841,5.049322639,504.0966585,0.614290067,17.58038224,9.764144774
89.14633386,6.902149262,731.6707999,4.391443958,15.51427995,9.682543787
78.99447027,0.965387225,577.5487319,2.670740382,21.55961001,9.647654556
20.91691554,4.275265143,844.2831394,3.65351687,22.03016164,9.674353154
96.7588681,7.852919157,44.26061782,3.753682618,35.92688898,9.53954618
4.922065518,9.265572656,467.0388633,1.19563749,22.41128955,9.724261153
83.37804668,2.505058196,914.0927932,0.323699044,4.467854209,9.780534132
59.93240584,5.09796955,671.5050796,0.217229642,13.01211845,9.742795902
70.31446814,3.444015683,304.654673,4.098884815,39.80315309,9.501188534
74.49909386,6.27625416,954.4051439,0.105284979,7.632154981,9.753738842
45.98882785,2.806898435,293.3593434,4.90148133,2.211024241,9.902564995
2.589787254,9.351448554,160.090041,0.214886411,22.92726396,9.752128569
88.18905704,3.060647375,932.2514505,4.326380766,14.02089414,9.678376857
43.54391923,9.237380669,123.2867789,0.309466682,9.435980078,9.849767602
22.56212734,1.79389013,31.712067,3.588294633,8.097597314,9.893290693
45.53889594,1.203883584,365.5181109,1.987338126,45.64929879,9.461416305
70.53167555,9.061421736,489.0963315,0.846708247,20.48166219,9.675742069
59.3678488,5.412451647,896.305492,2.961888981,12.83154106,9.722686191
95.25863295,1.739261682,476.4382646,4.438252562,35.49609204,9.50213662
53.53824273,6.878280531,437.7934997,1.984029412,31.39190202,9.588763387
73.70082321,9.374602254,836.5455473,4.803462532,5.794306168,9.78470156
98.94734658,2.003017867,80.90392316,3.284052514,33.67436439,9.556218617
97.38222584,7.710236858,392.6583313,3.000527067,30.47271736,9.558624767
76.54187354,5.810980377,386.4406798,3.407290507,12.00507528,9.764763306
34.95512424,0.716311228,816.2301681,0.354995461,14.93984071,9.734023452
92.56329124,5.594096846,217.8799196,4.964435827,44.03647411,9.445283976
6.818027267,2.302850623,642.2605933,0.994015785,26.85889667,9.660366947
16.58607607,6.727055089,531.236117,4.847161218,6.690663877,9.863383673
53.07212492,3.117238896,612.6887629,1.016277702,46.26962302,9.422962769
43.79218172,4.317713809,786.3250432,4.537591349,24.6986881,9.630588433
77.12892283,1.439409635,252.4091113,3.464951569,46.33735544,9.434256612
11.72087444,1.343871937,975.2272372,0.456181796,2.144794864,9.869308453
53.17543354,2.24411321,297.6265677,3.089468467,17.56232183,9.741438691
99.56542147,2.282210315,865.2754052,4.376113846,21.87931995,9.595113839
99.73363104,2.828002999,91.06373723,2.835974873,0.373588732,9.887424108
47.41637549,8.368037914,419.7070758,1.019961845,12.78277753,9.782785142
91.38082274,6.622127041,161.3118663,2.315967304,30.72968967,9.585191094
50.51404108,7.850888711,6.292452724,1.40532175,28.7295356,9.661561358
53.88997538,1.040801969,175.2161101,3.764793615,26.73927425,9.661195671
63.9967371,8.167522209,583.8266818,1.569747083,26.16251468,9.615995448
13.03916955,2.720772325,655.1304025,0.205555006,0.042546705,9.921022323
88.70724235,9.643288153,905.6126625,1.077307818,37.73289018,9.44340259
45.64680006,0.709438677,794.9861451,4.040873783,36.09887536,9.513865832
99.65507499,9.92117135,179.4204024,3.977062319,32.99120488,9.552490836
72.64679367,9.90900502,836.6192503,1.957586465,46.87328102,9.374958471
87.51654761,7.062335772,936.9593329,2.311333828,35.6628116,9.462159403
0.408729472,5.685810819,723.6890661,1.915059412,43.39591371,9.493263227
48.50678073,2.825513558,549.4450259,4.527578838,34.12244328,9.555324284
95.00793502,4.476192759,658.479492,3.141968103,11.95615877,9.719582528
74.45755011,0.679916835,575.1241786,0.890074792,9.41717797,9.773858252
97.9831544,3.845206691,519.6114365,3.325568932,24.91454599,9.600910242
72.58764391,0.260302247,676.7015466,1.621967488,43.96820485,9.420060153
14.34079202,0.30643464,60.95109449,2.61092582,10.76243356,9.871939763
75.31776943,0.555260002,234.8288982,4.151208107,2.282057946,9.878378761
78.76128168,1.117650592,842.7590095,3.92021089,10.93779058,9.727584912
40.19724555,4.580045604,393.776519,1.055158111,11.30789351,9.807346167
69.06958659,1.515571252,281.9865914,0.315129123,10.90541679,9.793677586
3.780855032,6.983387338,404.4290854,1.888341436,24.2819118,9.712957118
26.12946146,3.603335923,590.9656718,1.122619332,23.09839736,9.683789998
57.49226513,1.380939972,306.9699372,2.761061385,20.06299076,9.711180834
71.59946043,2.313217877,470.7237109,4.105230352,7.138465835,9.80994351
89.49279136,4.47245885,479.8402943,3.179542031,27.09167857,9.591606394
82.32501331,1.866400963,129.904634,1.317423346,49.89066769,9.405777846
9.886441623,5.304518093,773.3807353,4.162980767,47.87123465,9.434063138
99.51669005,5.522561577,240.786841,2.599482218,36.80160913,9.508388535
47.66677026,2.723101975,822.0930249,4.145574442,27.53239457,9.594799982
60.1560003,5.135341672,782.1373294,4.435390988,0.100596024,9.860624307
97.36269963,3.44120737,399.1273417,1.838416002,42.21816917,9.440542875
73.67926389,1.789108926,408.0935558,0.013633658,40.15566606,9.48395472
23.62804762,0.830166903,660.7689687,1.095478031,27.45038418,9.635791214
16.12049043,7.901083528,981.9735252,0.537460291,42.07063054,9.464975852
48.97895521,0.514108653,521.307595,2.409614596,44.57065015,9.453183784
34.03917872,7.574921666,132.30601,1.942516263,26.96794182,9.683050802
18.15223053,1.977700298,245.3408817,3.713982233,47.1745453,9.485568228
12.71552949,5.479399402,147.1037749,0.271279182,1.972853617,9.952845557
42.89064831,4.253227593,664.192437,1.9496588,11.48582098,9.775831898
9.63033055,5.711577598,217.3385302,1.885752581,0.876516923,9.959870647
24.90420588,6.510028103,123.1378143,3.306776921,43.02104166,9.532571596
86.93689269,1.573958491,467.3326524,4.472818285,36.49631002,9.501366742
86.63863785,3.868930123,499.0126643,4.475570264,21.45068554,9.64895324
67.01677039,4.24590772,708.0064803,3.066124079,22.08017466,9.641380835
54.9021998,5.981488937,879.0582026,3.384355944,35.68772366,9.500314743
96.99265919,0.67661757,187.6135634,1.590611465,47.30336718,9.411212313
22.85550258,5.650945728,117.7611305,1.353336019,13.80548574,9.827313527
70.84662629,1.088290819,756.9844941,1.517730929,36.67352111,9.486719713
36.65611154,4.264010587,125.8307599,0.534209548,27.09209202,9.679839892
63.70701534,0.921306703,139.4322438,0.162213755,8.120434893,9.841145411
22.25775209,6.907030955,65.21464722,3.437032546,20.27142368,9.768506546
14.29537233,9.823291733,504.2690221,1.470921388,2.775258572,9.90752514
31.43216441,6.124562313,245.7729119,2.846207255,13.91390632,9.804851481
4.445442742,4.131662619,356.6202877,1.229450798,26.44859158,9.695406613
38.96228243,9.499454678,621.2291234,1.790770715,10.71683467,9.791746459
66.51238586,9.201287191,627.1131107,4.146961213,34.21143355,9.528661968
94.71815045,4.072089061,772.7252482,2.545929844,2.474573358,9.803263591
1.326224025,4.25123465,659.9743905,4.316362687,1.631157986,9.916364757
94.18441013,8.84760512,873.6172046,3.213348905,23.33290312,9.585124838
80.3993944,2.061741992,292.2915739,0.8634665,49.8990906,9.391380542
19.21812838,7.007509186,462.0722697,0.166476425,4.063176832,9.893942876
92.94283645,7.445426876,546.0097849,1.047324013,0.317806973,9.849278115
77.26499172,3.122986171,214.0405797,0.861557636,40.43981924,9.496932758
62.06329062,6.413007781,925.4372595,4.458995218,34.02306174,9.505162366
96.10269374,2.289610081,19.60223306,4.60853389,13.21639879,9.769773095
97.31029672,2.240390589,278.4595954,4.547249114,40.63275789,9.468516165
9.739122587,5.754712485,157.7516062,0.358357876,30.61909144,9.668294802
7.805252035,4.718949859,614.5127613,4.695513358,46.06360995,9.470107372
60.74574545,5.027125191,650.3911823,4.624827464,49.54702099,9.378744926
3.309033291,9.695520888,803.1859794,0.375024199,40.00839392,9.51628843
66.26329103,9.057379414,457.7972817,2.516692315,41.8656656,9.469300325
48.37877945,5.263679014,244.358879,1.65211256,14.38241877,9.783361145
4.566321787,5.830337898,842.6515038,3.851563267,12.32928198,9.787875708
58.6309689,4.904306563,816.5539229,1.767399616,1.829847554,9.841415163
88.7275812,6.702804281,181.8584603,1.028520789,19.90999275,9.693986645
47.63882338,3.303001412,515.6704515,4.462251251,31.49803537,9.585813778
36.95291501,8.604430802,695.723051,2.968619241,25.82590828,9.635215697
8.783704983,5.929351376,398.259278,2.751645221,6.203251043,9.889357857
78.61775563,5.119560464,830.9305575,1.034061298,46.90420805,9.369247108
57.81846933,0.756857057,313.7176705,4.913424538,30.66670597,9.604142704
41.97470518,9.156914153,361.2846183,3.735728803,7.313254064,9.848764292
69.71596958,4.914397471,424.6292415,1.158045904,49.37279257,9.394093181
12.3619352,2.034918997,377.4113264,0.655601871,46.76622371,9.482234695
91.03813907,4.381927803,492.4006954,0.310452987,41.96864331,9.440035358
78.0487538,3.932889452,477.0872644,3.296808984,23.27895184,9.641453001
27.31903941,2.974854431,517.313008,4.972655154,24.49628394,9.67598682
5.579741995,9.386954163,305.9708961,0.199126884,3.61428807,9.927680288
17.11346041,6.34156407,367.9860825,4.586500206,39.66367822,9.549451149
32.08368395,9.861158023,666.4987983,0.087193797,23.15441246,9.669722312
91.03238748,2.959603475,926.86639,3.076815771,29.15218208,9.524759153
36.58271033,9.569236107,430.6161702,3.171931199,31.85426846,9.601812988
64.33933854,3.060427782,864.7414812,2.968017703,19.4222791,9.654963722
32.22743596,1.13684741,610.2424918,3.913037215,21.12328971,9.695515418
91.5660849,1.255356503,487.8892942,3.212129035,28.48020557,9.57484293
88.94943101,6.840334557,825.033131,3.310629554,17.21217361,9.65642552
27.25837965,3.499613429,408.1781442,4.134037368,35.54680254,9.576455781
82.68423644,9.251363961,814.7971588,4.811387874,47.49307198,9.360905328
32.09617843,3.923070593,575.2057944,3.452730982,23.23528354,9.678030407
78.77690285,6.320068129,595.870279,0.726975595,8.565721536,9.775978854
31.32872291,9.624750041,76.21034801,4.801256189,23.85536157,9.722496627
43.59612532,8.468798639,831.476148,0.669920044,40.58721999,9.46738406
51.07033625,3.231270948,108.3792292,2.961138692,39.01657529,9.547925988
88.56745156,9.716191028,123.1885211,1.983920002,2.433822983,9.874775466
63.57439834,8.876696096,687.2630689,1.94354568,37.9961928,9.487737367
99.66129432,0.011220394,828.0558103,1.631358084,37.35332352,9.443999889
23.70408602,2.018204047,809.5981367,3.836940843,40.56102454,9.489725855
75.73401366,0.958620459,882.8784159,1.888087745,10.98322565,9.726145888
56.75669612,3.458647563,709.8697744,3.47309306,42.50537266,9.4472026
99.35585575,7.9956393,141.5489722,3.813213975,28.34497692,9.603039478
56.3181241,3.372456456,160.7329808,0.865259706,2.879975314,9.898808825
80.53498249,7.43948428,856.7286078,3.52071565,8.389300153,9.749899155
73.59590198,5.578519315,108.6729533,4.525611748,45.11585513,9.464378251
62.78642047,4.196412198,237.9241032,0.488002628,40.29997495,9.51042142
96.67530779,0.140406321,479.361287,0.530178938,20.9269521,9.646119043
58.06127946,4.291006603,17.22348308,4.939223838,46.29021302,9.477314242
77.23731077,4.006808989,689.4901814,3.548841882,17.01273206,9.68368635
3.968651396,6.223145171,948.0837453,3.738936449,11.39936943,9.78722928
55.58103014,3.902147311,546.5005296,3.620297452,24.33585773,9.64641034
91.23162612,6.921146879,352.3188414,3.061669129,22.7688361,9.645848129
79.20308389,0.074495776,585.5655117,0.117457006,48.9667198,9.372573167
50.75325415,2.787995061,110.6995141,1.708476064,31.70396111,9.621137183
97.28883211,0.944003385,210.2369987,1.384716674,38.3002063,9.498685405
7.897341025,8.943973412,218.986997,3.590137984,38.02758823,9.589928077
89.30837092,2.07538919,723.2676775,1.765379875,19.41435485,9.644221313
50.83120568,1.311737266,358.7245286,4.702446755,9.031436411,9.822981977
31.5163952,8.072783417,249.9786926,0.823952115,9.525724527,9.84822849
98.56764148,4.133076101,395.9673293,3.785090083,3.136983837,9.830465787
16.95378496,7.198801016,319.6512669,3.508391553,1.143017199,9.939650916
59.03596188,5.442457487,144.8563753,0.593679314,46.40770992,9.462401301
50.50169383,0.499005293,148.5578394,3.362764103,23.83822214,9.696260301
59.76627863,4.582750842,925.5149725,4.126243638,49.00722495,9.357609975
93.92329417,7.286978987,52.53042102,4.995508883,23.66593478,9.664164316
6.099703564,9.914233105,570.3767176,2.295020114,0.989471542,9.926967909
42.84011695,1.832707472,718.9489922,0.039334513,26.65178403,9.618747144
4.371621837,7.148299959,953.0194928,0.216602741,5.154208058,9.848784348
51.55929737,9.824621044,411.4567308,3.077864773,38.08266652,9.526468364
92.79200892,1.770166511,911.4260153,3.132121236,40.28034581,9.413261931
29.55552224,5.001009596,208.9591901,4.273020668,10.22895463,9.847259012
54.83267786,4.179132134,49.58951321,2.060738246,39.21987097,9.548009661
52.8932521,3.047968907,445.4133154,3.871327999,33.40768799,9.568488536
11.09032412,5.312465782,198.695239,4.892036546,36.93126865,9.599727465
8.100079497,2.482292592,78.12567561,1.850481788,41.13422772,9.572745076
6.675554834,1.653571994,267.4452437,3.120401508,48.73417239,9.479238197
82.27320657,2.009265169,710.0628067,2.781938761,24.58139326,9.60090658
90.8385807,5.881297559,137.2096748,0.824838953,46.09867069,9.434453745
8.020519582,1.379141104,653.1136838,1.121687057,41.30495517,9.51361856
41.60064779,4.823998128,128.6381577,0.140818049,37.96181161,9.56591742
7.398970375,6.401590204,537.5314513,2.592452732,14.98425111,9.789005373
75.60286357,4.006135514,151.2545718,0.280215702,17.12739979,9.737997681
60.80549795,2.203220932,742.2047934,0.543629066,23.59823786,9.628991644
53.67042533,8.210120963,117.947683,0.00837497,26.68548559,9.66767995
15.07250722,5.716933663,32.90280576,2.453375098,19.53700029,9.786267209
15.62473824,4.678472414,477.1694083,0.339407172,33.84538964,9.598204425
91.36999731,6.134427335,627.1912946,3.742015277,46.80353043,9.377875569
98.247701,4.926848753,945.007834,1.796213203,36.38224009,9.443429115
93.67956852,0.162327774,920.5432422,4.425250564,10.27429013,9.711523206
40.97135997,1.229196433,747.186807,3.887067801,44.04709602,9.443838999
44.14519607,6.300614902,843.6475203,0.466891586,5.957908379,9.811910968
81.77846534,4.419694737,802.8693878,0.000751905,5.75140398,9.780420556
36.83432644,3.976572006,833.7578807,2.548912492,45.8982267,9.420807618
42.46977057,0.669638526,457.9620447,2.055043919,27.4728626,9.637005399
63.9829154,0.589044704,617.5294327,0.661368352,21.59065919,9.658357549
89.23301731,1.338365281,208.7595066,2.115093817,3.019693562,9.859694096
28.62766139,0.774691278,477.0436211,2.866893624,37.46411778,9.549026799
92.32393801,4.376208941,627.8099516,0.300341454,23.76569142,9.607238153
87.0007363,5.922786871,375.101413,0.446231352,24.92929394,9.626196183
91.87033173,0.738942282,530.871419,2.131616427,37.97319297,9.475310597
15.11504764,1.711952774,716.0043513,3.399787567,25.88413968,9.65444312
0.455807091,8.55664776,987.3976729,3.337221037,46.66139728,9.434190453
75.7814603,6.841619232,351.2634959,0.398298325,1.608544544,9.873006745
45.05615336,4.595357416,386.1852432,0.149615072,9.967261844,9.816652704
13.65144997,0.127386016,619.1335641,0.494729823,7.419476776,9.850240426
9.911316293,7.646654092,883.3784035,0.593970149,30.78324667,9.593918377
61.96886446,2.813264906,588.513225,2.166408746,5.382262468,9.825357188
95.82470663,6.786354425,953.9595102,0.755116537,39.70768391,9.411702503
42.06258178,9.296861469,686.9909571,0.735827215,1.623728897,9.873001034
12.56222418,7.126897772,10.54181409,2.391322501,27.65266617,9.709856933
81.2267582,4.465948503,5.486695265,1.093910898,2.377714662,9.894447426
98.09524049,6.384223348,1.920027703,0.192645973,11.27610165,9.78895174
77.88555215,3.990191855,505.3625106,4.362543877,44.56214635,9.425956733
42.78382134,7.601594776,234.1758093,0.875931998,48.81471433,9.445651454
63.82010106,6.572874627,877.8378809,0.13517201,14.29441939,9.705451917
71.91700167,4.546231906,942.8689596,2.252872482,6.351610902,9.770279993
90.73002662,0.051167726,758.7634947,0.041688291,23.16075233,9.601786101
20.55466999,9.516628538,396.740496,0.154764121,38.83971867,9.551374094
31.65839487,6.394583401,405.2280525,2.192570459,13.18982213,9.795920579
78.83326084,4.637204901,39.61749638,4.723835848,24.84603918,9.668744598
48.59719475,3.464506554,635.1478355,2.007713029,37.47396746,9.513148347
87.65825737,4.897314648,652.552325,1.477684964,31.2701399,9.534385111
63.52393935,5.11974925,159.846058,3.626549335,15.98320548,9.7606594
38.82147904,8.515438522,681.1250541,0.413354486,28.26895442,9.610376471
8.692011441,6.454564903,394.6523122,4.064994786,39.00894092,9.561753348
99.97083788,2.991702728,175.0787958,0.926591192,29.94594933,9.583061789
33.45441511,9.068548299,79.3562507,3.82408406,24.48553225,9.713754637
63.7433436,5.878242445,530.2586039,3.491736775,27.28531694,9.610377627
92.24716977,5.516775859,919.6657324,4.031675389,42.37739284,9.392012329
89.72874742,2.025564228,342.5546179,4.496869763,7.460739576,9.801408395
49.01448922,1.047485483,152.5468066,2.944446429,19.80507578,9.737680072
42.36921256,5.081314518,660.727912,2.496647372,17.08861945,9.720671802
19.28084747,4.644731374,375.5530285,4.077226209,0.764859274,9.935515257
57.03977871,6.18459265,987.8965441,4.426821087,25.87836363,9.585386931
28.85154526,0.101849991,240.7807785,4.237176944,48.6628121,9.460442256
70.10542417,6.038542082,606.2341316,3.249538146,0.089455932,9.868376603
36.99584038,3.292788221,977.9331891,0.003633495,36.81723585,9.497038482
40.52869117,0.647603745,360.9528608,0.639244051,1.867998175,9.904696041
68.34530623,0.24684574,11.96410401,2.129920123,6.528267495,9.865175608
44.61276154,3.660343179,102.277353,3.19853588,32.48610931,9.62029841
64.46779034,8.646300101,6.773740742,0.138675105,26.1582643,9.673272193
46.6015528,9.905674753,357.5360696,1.945520972,41.78531846,9.499791656
62.30921784,0.71075121,57.65929484,2.642759015,19.83861759,9.733538677
73.54313314,6.280621846,0.306537211,0.084388287,41.98572433,9.50656897
16.45851801,5.695955176,940.4968098,4.833033222,42.2126368,9.467365433
88.8923251,9.050587503,76.55580981,4.286214105,20.78660636,9.69558603
4.266565437,5.331711001,116.7040456,0.395572353,23.37894093,9.750273621
31.47689858,8.813176806,315.5908435,4.112881506,0.244560739,9.93451841
94.92085348,0.543290246,262.8833546,0.124432847,47.96774691,9.399113342
5.168511831,3.490030416,663.8402984,1.610078983,0.374337029,9.924704088
24.0572533,7.146926467,378.2784278,4.101426691,36.94899857,9.568624918
58.59865739,0.944753251,981.9994093,2.603364284,13.00896424,9.713111759
60.21346385,7.067798196,467.5044983,3.209154915,5.402005909,9.839016027
87.40655511,6.807251314,772.9869604,0.568675301,25.96513413,9.575643408
69.25947805,5.222828495,99.20899456,0.303295957,30.80081178,9.612811505
79.6891263,9.966290409,568.2174776,1.147486736,20.25382819,9.660950844
10.66396498,4.13870669,840.1672799,1.950998559,2.58667879,9.879452519
16.59114208,6.696777028,691.2255147,0.990208748,40.50707711,9.509215535
28.08556319,5.557152336,307.7056422,3.465585096,18.78375574,9.753306315
76.18069228,4.834260967,640.2702337,4.630265689,21.76723905,9.642119894
55.06449751,1.891177895,693.4322632,1.063537244,34.49791037,9.530613172
92.31834303,9.413008893,801.8281854,2.695722983,41.86092644,9.408889574
45.77596999,3.769177017,702.3351295,1.036620525,3.713976974,9.846850747
36.60266251,3.406353447,120.5241031,4.272811479,33.40738941,9.617271033
2.579116349,5.401595571,153.803187,2.556100684,38.56262797,9.596414285
41.30536161,5.968648887,546.4389291,2.888029299,23.90585673,9.664992178
16.70319649,2.416142695,894.0493466,3.691032437,49.14329193,9.40245895
5.413007624,3.165721045,959.2876905,2.196894055,30.21687232,9.5964895
56.97414393,1.406894032,731.1042985,0.291562992,26.89814457,9.60093398
55.26377842,2.018484504,750.4242255,4.480884081,48.95339998,9.380159799
2.681693614,3.097249068,924.8238134,0.252527035,13.60125968,9.768823328
53.33885543,7.401971394,228.0564206,1.501720939,9.726921461,9.826586288
44.30620543,5.043460497,899.2269707,3.853771902,35.76725253,9.508098572
57.26697582,3.285802026,70.07694031,1.294038025,9.734362951,9.838381701
22.78972788,2.267748812,430.5466815,1.903574398,16.85233813,9.765632223
88.12375715,2.027374146,163.6536722,0.380014473,46.24300777,9.433080798
19.43463045,5.722679851,373.7178193,2.776498754,32.12831694,9.621910418
84.00770298,5.07263033,327.2407115,0.905399619,30.34085107,9.579859715
13.20043883,8.558071523,27.78948798,4.226499212,10.96233109,9.874397301
48.7857844,7.305207029,784.1668389,2.008898946,24.97273794,9.623070152
2.957265813,3.440260592,261.5788479,1.950345371,15.04466852,9.820438164
15.97398037,9.417303184,429.2788344,3.18901356,46.33805681,9.477717568
57.24738149,1.26999165,788.5813569,3.87332036,20.23048702,9.661589613
53.93936247,4.248860047,224.2444539,3.814608554,37.22175131,9.551418679
64.70558919,4.556404906,464.8060327,1.492219242,13.28622953,9.755951512
84.89713968,8.593742224,15.34487795,3.598031734,16.49610568,9.748607316
91.93473437,2.421201532,335.403139,3.736680472,3.704968003,9.837475272
70.80390468,6.746788237,304.0216459,3.563846594,45.14623521,9.447331579
80.39412208,5.178423426,132.4455021,4.461696167,24.48590397,9.661502288
40.78775293,5.477531786,213.5476257,1.680955789,36.77527715,9.570104713
56.34743821,7.622788552,761.964602,3.767896992,7.209430933,9.795361792
65.02014511,4.801799251,62.09095232,4.175268913,10.98575873,9.818913172
1.294027726,6.434368865,172.1053122,0.308533364,46.68854684,9.514609973
14.84785988,5.200493316,367.2992915,0.223702989,15.71768844,9.791245327
35.04703867,4.93437687,706.7345745,4.999889759,25.9285635,9.634993869
94.2753117,5.274509734,593.6823176,0.695335146,28.54128987,9.560943558
26.05620176,2.740484268,433.8776562,3.268691339,30.86648598,9.621891173
30.62756491,0.287516219,244.0465801,2.264155239,45.47577135,9.490210064
61.0362849,8.775079247,594.0274432,2.21583718,16.42909044,9.715270066
97.00932119,4.782487096,359.2466881,4.538640988,40.59321796,9.46113383
58.87394715,5.660642344,497.3506185,0.481588261,34.37486073,9.547642384
37.55335371,0.170222764,726.0556873,0.646535062,39.89583204,9.490882757
25.95655763,5.864076213,569.764119,0.884350893,21.9518675,9.697548356
81.90376676,9.719797206,18.16508687,0.733270915,30.87197856,9.607559939
0.251310631,7.579900174,583.0129088,3.3643227,31.21204471,9.629326951
59.90137899,1.024123925,235.2247482,2.319587212,16.7195248,9.749380898
78.3060527,6.752730014,311.4703764,4.75544619,32.21209679,9.568425942
84.66251672,9.045852879,197.6332564,1.988655968,3.048447855,9.865089679
14.78211424,5.874662405,517.1332043,2.18761721,35.84811948,9.57502337
26.59065539,4.144470974,938.2162707,2.835451682,34.07167495,9.538870968
74.54971686,4.467143436,430.8094539,2.351021686,43.10098498,9.451359488
36.36156156,8.852820636,40.9168324,1.264175799,44.86944089,9.510852346
93.27709877,2.076749186,217.1597637,3.771229563,18.07327197,9.704274205
20.56558786,2.272353924,304.1842583,4.164939729,22.81888294,9.720827157
12.70886121,3.715360778,323.1677929,0.38050852,41.16457679,9.543328592
73.13505482,4.355620985,701.5428562,1.693547044,46.79180071,9.388792652
50.07817164,1.112029246,475.1819343,1.80065397,1.705209499,9.88535154
34.97097976,9.763408178,259.6493654,3.620013854,7.706992278,9.861994161
16.93204845,2.964909702,14.61472052,2.418226821,48.49127519,9.496693728
28.15309114,6.698275621,844.2811144,4.69728009,1.26631661,9.874755631
84.51184246,0.813995863,313.3866714,3.713260552,18.41197933,9.700029697
5.651562509,7.432450114,556.7660757,2.326301206,20.67784446,9.731893385
62.81556709,9.170496213,420.459671,1.938070403,18.06334148,9.714505051
19.91907148,8.327631978,230.1615777,2.772057927,39.06706984,9.566394072
2.5794481,5.035141059,402.2183543,0.363915249,40.93621793,9.547836537
40.29862463,3.727027081,673.4168426,2.217381864,18.60420577,9.706317633
56.24416131,3.612358113,753.6367849,3.791425969,37.75202882,9.490871872
79.0345769,5.434725562,820.0676824,1.342417878,45.71970804,9.381761574
40.20363384,5.302157679,166.2451573,0.175219987,4.58774223,9.897294428
0.21782326,7.706258118,759.6322224,2.083783122,30.43169299,9.619502025
15.00442826,8.445494835,621.0661076,1.761831177,42.81445587,9.494744402
71.06284804,4.182770355,363.1214854,1.007575656,8.739438565,9.805230618
45.14840764,3.699757334,61.38790303,1.550745162,6.686970637,9.881843096
80.20842827,4.78216137,184.1494189,0.80715734,40.93162807,9.492060349
55.67887461,5.029166929,447.9990163,3.722511454,27.51590192,9.624362205
11.93261389,0.694575276,267.8733328,4.866319965,4.08365017,9.920443551
53.79903723,9.208591928,76.85647916,0.951292204,31.0494112,9.628021203
1.383137246,9.262517964,107.3609324,0.302131488,9.611487606,9.891765893
61.03448635,9.410637476,479.0749158,2.676349548,22.15401655,9.669517857
53.63473284,2.693527466,694.9268157,3.549642927,26.04205162,9.616452069
85.95083869,6.607967872,493.4955089,4.210566305,29.21602734,9.572539337
7.600243311,8.026081068,845.5903388,0.240380481,38.5207936,9.522632787
98.08588711,7.907331077,397.8794563,3.58864682,14.60871102,9.716039057
65.77465844,5.175209487,662.2274074,2.06917895,7.708377704,9.790918824
42.10430439,4.774091185,677.8617516,1.422568478,32.28253882,9.567284132
23.38374948,7.649086777,722.1115995,0.588741536,29.63274519,9.608077639
8.805002693,9.691243186,339.2396282,0.101305748,25.18075244,9.70546351
12.18626686,6.509428121,731.0060859,4.296329867,44.4321751,9.470391374
30.94495363,3.577597425,974.4728953,2.169609112,20.23529331,9.669254824
92.53606319,1.873023298,474.0757745,2.42712987,37.12641293,9.48879223
43.54135025,8.632221121,670.2469813,4.654837663,13.10105942,9.758423357
81.24025082,1.16773209,801.9300984,4.243646198,20.32982415,9.635268498
70.00138364,9.687024547,184.9339025,3.090704791,2.371526538,9.887789961
33.8603675,1.411867841,536.7829916,3.016079283,49.4702884,9.417758449
96.6802485,8.826613407,567.4812847,4.430314257,17.74589086,9.669112714
20.09312518,5.26045387,531.2092983,4.550358195,0.286812376,9.923917821
85.55514528,6.082354969,939.6444968,3.72607966,18.31297255,9.63735068
63.47991568,3.697196641,921.5654831,0.098423791,27.73950689,9.566968467
50.73313912,1.901395631,428.1466619,1.484460127,33.52049208,9.571247274
75.31287283,7.71395688,394.3519249,0.956946791,14.70250548,9.73822688
53.47341099,6.153026101,794.8729777,3.598681958,8.71849533,9.779854338
74.39909888,1.151107045,917.7544728,3.448850297,5.595668324,9.777868771
83.65778507,6.784189146,711.8971268,2.437144379,30.23526074,9.542799895
42.81136223,5.675095575,789.7911626,0.998822057,43.794802,9.440261502
30.60090381,1.475665086,634.5490613,2.622048746,14.57667447,9.760177445
62.81707217,7.14351874,272.5880078,0.583204202,25.51525586,9.654771568
28.29793171,3.25225141,493.9689221,3.656002328,0.747999009,9.914825186
47.82173717,1.234901417,853.2278234,1.298883744,20.20017172,9.664853763
4.742344875,1.491427858,1.789790322,1.800176546,40.53439035,9.589734773
57.57784452,8.399061454,175.4583007,3.386707765,37.29287819,9.551947543
34.4000886,1.142976811,742.2027566,2.60735263,23.48656619,9.656513974
83.71100397,4.929061273,294.9754594,3.74215864,13.49235938,9.751867856
27.62854882,2.087347895,103.3873238,4.00787798,35.03424671,9.611690252
38.32131854,7.249844688,961.2457768,2.331242975,24.41426783,9.621411426
52.90607545,2.665601805,248.0040599,2.441923611,25.03652305,9.671928288
28.92819735,5.823129335,770.7913549,3.447893181,7.355423573,9.820438431
64.23917699,0.034182895,392.6967669,2.305139246,39.77783935,9.498712753
88.0093893,7.181977236,775.2522499,4.658068962,24.2273574,9.592191812
27.97202152,3.701408855,428.6238421,1.580766241,15.18570694,9.777308525
98.26898437,9.923268911,642.9280916,4.048969179,36.05724267,9.47686578
68.21117267,1.465081913,136.7218073,4.429199313,0.713356361,9.910983083
67.9763879,8.047853385,717.9130382,0.722046313,32.02519979,9.53998031
12.34867721,4.622472784,654.8325231,1.859350236,25.86229182,9.663545152
94.69545504,3.103896479,175.009904,4.537825579,24.16268523,9.646176702
49.63565991,9.535625932,267.8076662,3.982388382,28.00779684,9.643505605
69.00177636,4.70643618,383.8588356,0.720300952,49.37501006,9.398862239
72.72010974,4.550694922,492.9177354,0.001269214,1.480375333,9.863184363
80.75766435,0.461696955,771.7126099,3.566820297,33.96619664,9.502409108
54.45057688,3.473281881,972.5981195,4.553687805,23.71574658,9.611132145
17.5419966,2.345775913,14.01617295,4.361376261,18.17069377,9.799349448
48.58198983,5.264532552,793.1332898,3.075648549,3.464048237,9.837464199
37.70959727,4.562685333,718.2360057,3.920212925,0.258137302,9.887885429
59.86644995,0.297450507,835.4551855,1.2001968,16.65656125,9.690022419
23.29414172,8.677729268,300.6844959,3.710606609,30.64843379,9.640153071
86.27214843,1.977611407,517.221579,4.168351032,30.52990164,9.556706677
1.225480285,2.535640927,684.3476523,3.05794553,44.82413126,9.482098442
92.55180552,8.003155673,183.6389975,1.859980444,48.23428054,9.406741489
48.38259025,3.339987228,961.9974416,3.497596113,34.82212667,9.507196399
41.23645726,0.935125971,983.4955124,0.424004398,33.29844091,9.527429582
5.110927894,0.143229474,9.93838523,4.712172474,23.1081006,9.762814228
60.20297225,1.413207372,487.7328697,2.594016919,7.632172148,9.814702019
45.80266918,8.865180973,575.197886,0.929766738,47.76606978,9.419016844
89.28473437,9.270067847,780.9171396,2.806798307,38.7883948,9.444739604
61.94136325,0.056944555,116.2821255,0.547728227,27.69315907,9.649498833
69.57350282,9.393525528,901.2276239,2.989172143,28.56068017,9.554696933
6.831468751,7.712115592,265.9589891,4.589581792,11.06027816,9.855969851
69.63224087,1.122935362,493.8824657,0.744904484,42.13427153,9.459636797
61.40071031,9.772403349,141.0245276,4.280505504,36.71550749,9.557341762
38.72128541,0.179022182,735.968471,0.490739671,40.4471687,9.483210181
79.84940339,2.157272035,965.9086402,3.964509594,30.22949839,9.521264749
73.49513396,4.683137246,92.84703511,3.184651269,20.81142657,9.709105897
97.88579058,0.633450251,160.5119794,4.501748466,24.34962843,9.642566727
19.31354509,3.126668642,76.29994632,3.169555604,46.00402725,9.513016188
57.01980247,6.4198186,292.8043687,3.542094997,45.75847616,9.456114999
4.637189465,2.172808399,936.6288748,4.02486597,3.512862457,9.866571298
23.29320323,3.651939758,319.290831,0.256339094,8.535832396,9.85941939
28.23699004,1.531336484,827.4517024,2.602062155,11.07236614,9.778294178
84.77247108,7.606666604,386.2773692,4.206046021,31.87242858,9.557875506
62.34594183,1.039181255,408.2047705,0.357071848,20.04563662,9.696377215
5.944802089,1.928768962,456.3810125,3.090410592,9.048381322,9.857933283
8.239353083,8.737206661,83.45433419,2.843601995,39.56262036,9.58778901
16.75406492,6.463167498,730.6220043,3.535956631,2.585486237,9.884328872
64.15886655,1.571161322,301.9662563,4.644068558,2.611577214,9.879528736
86.17286534,5.512275561,31.32319197,3.769982654,42.87510367,9.481943779
45.75515688,7.918391921,910.4708302,2.84114854,45.83455561,9.404852204
41.69749627,8.11865146,780.6659994,3.594649362,20.5723022,9.674512882
46.82269113,2.093943214,278.0863408,3.411300773,16.27193636,9.762649311
72.42963054,6.244104505,356.463613,0.838091481,15.98765428,9.732047465
36.52297581,6.457821808,61.82213086,4.330575039,31.26501024,9.644644709
5.317757985,2.514558621,150.6062894,2.909202832,28.45082383,9.695113375
36.42069713,7.597769587,61.7721621,4.136848885,44.42640622,9.513138024
18.58760652,9.404443432,732.3651682,4.467228941,39.57409274,9.512434949
6.791203905,2.468934741,850.8865942,0.240431624,35.46044387,9.553515698
68.13454472,4.440115694,574.8254449,1.302670273,29.53295556,9.579053355
68.8082112,3.856201296,148.0293462,4.724771843,49.47519021,9.421636952
6.991916699,0.556525095,362.6774934,4.697346199,18.99838238,9.76675651
22.88128467,9.762189592,233.5555781,3.423404256,5.58547687,9.897908389
63.21409692,1.449523762,278.7059535,2.182496462,38.25084346,9.526406873
55.51584261,1.800756669,754.8978409,3.188620564,0.961312817,9.859381245
6.559892272,0.92116994,249.5063048,1.383599145,33.87441004,9.629745377
65.03286467,8.720031787,815.3145154,3.942754462,29.44532654,9.558982418
10.66326683,6.877485403,302.3214955,3.916973752,18.33433919,9.775761192
13.44060349,6.053084106,882.8054173,0.879290587,14.72129583,9.751065897
26.44339829,7.822771644,152.1793146,2.201948208,18.83014158,9.770037254
76.93308951,4.394125076,248.9054095,0.403082191,24.29097002,9.655266669
24.90169007,6.855068059,240.0831352,2.684956053,31.82848248,9.632805172
90.06777412,9.053849091,668.4984766,1.067129818,3.011248059,9.812969898
75.22174497,3.599797702,120.6774354,4.176159527,26.85325165,9.644177995
94.90123043,5.788743726,951.2802779,2.74265387,8.599400371,9.723976738
96.39699431,0.898004368,182.6541734,4.979514423,38.92984116,9.496039177
84.08268169,4.714858809,378.6796506,1.357586025,2.691700696,9.851132346
4.73173756,3.279880863,223.8770904,3.333945019,8.481045114,9.888070102
90.90506076,9.677265435,474.8922247,0.25558124,8.531721571,9.776288501
26.71750645,8.759779881,888.2689614,4.831485465,13.13228258,9.753132772
17.58215997,5.24827819,344.3585467,1.990656841,22.61954772,9.721786508
6.090085137,3.245996628,743.2129406,2.39329062,38.27454053,9.536843216
67.23394293,9.411588279,690.3503226,2.797746518,7.858573822,9.785145287
92.11057017,9.967201461,842.4777109,0.46739535,5.571120335,9.767930455
36.49154523,6.960233143,826.904472,0.904076181,31.26201889,9.568197819
15.95664826,1.121040466,470.9722815,4.305219447,31.38528318,9.623093292
68.15436504,3.931661504,266.8803661,4.660482399,20.57042359,9.699453362
51.34045028,0.722220132,69.15139007,3.790319892,46.60030008,9.47574141
63.66954068,9.000455701,773.9527407,0.644326774,3.332868306,9.825606502
94.20892992,1.616041014,629.1561652,1.1788283,25.77740652,9.585101388
48.75238991,7.187292964,820.5372927,4.994274186,10.4263841,9.76493004
43.66634729,3.760083973,33.79431734,1.184135118,27.32243856,9.679729835
87.69433979,3.137977171,701.4227841,4.700488819,8.968344575,9.752479936
10.85705844,9.865377747,50.02589108,1.405035324,43.46698906,9.549470462
27.54202544,1.755308378,781.8311827,3.628520523,5.388641427,9.840388442
50.17920812,8.934767534,424.0662347,1.110876551,34.71932471,9.560220921
22.79417648,9.079541253,418.8206983,2.438926909,34.72527946,9.588070959
35.95157132,9.420408107,272.9079477,4.828711721,19.41024926,9.742655141
78.03046293,8.09989398,621.0317248,4.05935632,29.53724149,9.56449395
60.23474066,1.406772796,890.4640618,0.77001945,25.26828924,9.598035961
31.83414316,2.885230605,169.6325983,2.738959434,42.22698455,9.528932752
49.69209116,3.598983818,927.1108372,0.669247542,24.01595841,9.617437241
76.14111232,8.979232939,927.7803907,0.560023329,27.02724432,9.560808405
21.15255459,1.771686404,865.5977532,1.845368024,5.303180608,9.839255864
21.82541343,3.809095506,649.6511366,3.121133989,46.22503971,9.450959076
31.5293847,3.971102735,283.0756663,0.582986185,48.04845712,9.459678477
9.60452822,4.727738073,570.0101217,3.50103632,13.60354163,9.797359043
51.6069778,3.876495901,96.95807609,0.60253752,20.18408031,9.736856411
0.352407578,0.249703287,53.26454153,3.827010314,44.46988645,9.549622274
90.42670974,0.081230471,654.1857888,1.432125794,3.493973993,9.809214971
10.37564559,0.667330714,550.2675826,1.53437832,8.313857995,9.851459016
14.54761419,8.394109333,22.55074669,2.476286753,3.637068987,9.946826621
14.59527948,4.652939637,206.8979161,3.183473257,18.94915207,9.775223408
78.44797387,6.578946324,977.9149112,1.78518199,22.30768208,9.600683714
66.81983621,4.220816967,239.0568969,0.033386132,13.78029464,9.771471528
86.41966212,5.895391094,4.650190138,3.939636589,0.780582743,9.905309491
95.31696438,5.138097699,908.0919476,4.429628702,44.26333542,9.371240487
37.58022187,1.858782854,351.1910058,0.671383015,41.71961637,9.510104514
56.85903492,2.485823897,819.9825697,2.304427684,0.54397356,9.855702973
15.32967531,4.217562605,77.61135911,3.216747464,9.866318056,9.878246008
59.41109395,0.094173678,144.8006684,1.629656301,4.384098091,9.882267858
98.35321958,2.320172715,898.6851336,3.431841218,47.92830554,9.332495212
91.0495619,8.786611201,577.7732367,4.82321207,9.041004136,9.760763073
45.41922472,7.811265044,483.5118476,4.972111958,36.65741249,9.539655466
20.63554444,8.113956442,887.4618486,2.697085814,49.52700946,9.395348176
53.59034688,7.731310281,324.0286364,1.194149756,39.18802379,9.522126552
19.29705579,2.8392987,368.2153343,3.122535696,17.11181432,9.772763268
32.09252641,4.430643326,449.7819798,0.104833852,15.82381934,9.764691082
46.96625097,2.354887537,477.0041488,2.846443275,41.9759186,9.485574148
77.47463252,2.566284727,128.7233291,0.006485252,19.93095105,9.710343524
85.53650199,1.613928959,286.7196258,2.716013631,29.69091273,9.588882408
54.72262325,0.025362271,770.716772,4.501512238,12.63894321,9.741816267
13.32162517,7.684658163,730.0326974,3.965243728,45.94719895,9.454203116
4.424079456,5.370332293,789.0738693,2.506170127,27.60711448,9.640597389
56.66231232,0.103895532,904.2885346,1.053938381,1.272904888,9.840179785
63.34389308,5.601739936,127.7592709,4.991473481,19.57474756,9.728132704
26.59941155,1.011969036,534.5372807,0.821378336,7.283771228,9.847109148
72.75081494,0.668606749,713.1517981,0.348226274,19.71567855,9.65877722
12.49385149,9.84658707,236.2456852,1.822311118,10.5665593,9.858215987
54.3884056,9.222684177,482.6585417,3.710665855,17.74443008,9.719901439
28.23892516,0.985992651,969.8988339,1.892561011,43.68065037,9.437964688
61.9696442,6.782125115,457.2666685,1.636228285,23.68450198,9.655458669
76.63802113,9.12094427,495.2912001,2.654313487,36.62290784,9.50760378
95.93463957,6.578224634,850.0482862,2.020590557,8.974337795,9.729317154
70.47147125,2.450642181,885.8342793,0.393618033,23.79666787,9.602978422
43.63882905,8.623541775,968.7863178,4.768131189,2.746489743,9.832017642
99.07661964,6.679666938,252.2862287,1.885219685,44.43488258,9.431345932
91.60526585,1.218894909,143.3154588,0.22097756,19.69232274,9.697139961
34.51355894,6.727148113,161.6450488,3.984889398,29.00739781,9.659247958
11.10083728,8.968525733,849.4267324,3.770495688,23.98706878,9.664085802
61.03793336,1.977749806,759.7988897,3.469724356,39.94558522,9.463526325
93.78961644,8.888679578,895.4042167,2.149957928,39.42992028,9.422370759
96.95786738,2.660792704,765.2020695,1.215590613,14.26578,9.683864126
42.7682594,4.421600462,700.8001318,0.523701155,42.081277,9.466338957
13.61273032,0.255765598,403.1957165,3.875301312,17.42118341,9.771855864
85.02881316,6.633700348,708.8992141,2.584592206,29.46952899,9.549385976
16.37955946,8.874988942,425.7593923,2.194471213,33.92360931,9.601808408
88.83938625,7.440448071,441.3477849,2.311888061,13.91778215,9.727848014
5.839198281,9.396846091,99.62278083,1.352629193,47.37242441,9.51047428
57.7775003,8.530698062,695.1248505,0.23201745,7.491042472,9.79779959
11.75379625,4.812834394,816.409626,3.590921855,10.3569575,9.803035666
41.68063779,6.982985901,894.3867029,4.580621108,25.23165814,9.616564111
41.62012861,6.51726395,662.5524212,4.866410076,24.90273851,9.643097244
53.76142964,4.591808731,717.069951,1.676182116,1.783113047,9.856700445
55.61558376,2.812881827,748.0036204,0.858821381,42.25524306,9.447031624
76.09097284,3.76594746,172.2492974,4.275898574,17.08481402,9.735835957
10.41507819,5.081069585,40.31971283,0.80398411,6.620317319,9.919349777
49.89599042,3.282364056,724.6758006,0.540886237,15.2830971,9.724805459
29.86978452,7.47289349,879.7745721,2.463573769,28.08385764,9.601314182
79.68975693,8.712095486,763.730002,1.294983237,3.64842061,9.807453037
21.09193465,6.195663622,548.8869663,2.539123775,3.659089788,9.887428471
41.0869516,0.261892309,653.3901984,1.229351552,35.35248551,9.540049173
53.22478029,0.541739911,139.2137819,4.558887526,43.78924447,9.494961397
81.57541439,5.71152702,360.1892932,4.793819728,45.47204002,9.427685256
1.702731802,1.210661176,543.0492414,3.452626406,23.24192814,9.711573063
18.20668005,4.202805567,205.3617584,4.021004089,27.11114175,9.690145727
40.88525387,1.416661472,514.4381149,2.83195172,32.65523701,9.581118565
70.55550198,0.41827757,377.7971873,1.860188363,8.524583341,9.806418946
32.22179241,0.441378082,462.1432363,2.569095862,24.46014832,9.676962401
14.19840832,1.058650157,759.1643704,3.744377697,14.84821848,9.76140297
68.00279541,9.415149862,839.0239024,1.477092839,6.661521536,9.781479599
5.122786489,5.037283328,457.5363081,3.755691756,38.41769679,9.564946615
6.997875107,9.714316517,257.9141535,1.870511625,28.81435158,9.679067194
3.828261948,7.128841963,192.1998507,4.584995341,12.33691938,9.853582559
41.33076724,2.243251235,646.0990709,1.88651352,11.95875728,9.774471753
84.39213436,7.029451132,471.6486752,1.429676975,43.61465509,9.432296447
41.93838152,4.653967325,191.9930176,4.169602143,27.49525367,9.66390978
65.68977456,4.188172298,19.37738338,1.502559087,1.033608138,9.922036406
2.992853784,9.851284328,94.74670808,2.254984443,41.93597455,9.56817273
42.15503878,2.487523002,414.0015806,4.119444334,2.244571161,9.893999092
48.87778271,1.935059698,60.26932943,3.927772388,0.724125834,9.937854026
41.49579466,5.455027775,172.8837327,4.497283272,20.43402887,9.736875543
18.21037975,6.111795744,639.4486915,1.943357132,1.573418162,9.902110569
66.16459697,2.377666308,149.9255912,4.104685702,25.21207044,9.66672214
44.79297563,7.548422375,470.6892106,3.059199249,20.3120296,9.705017807
88.75222752,5.655656392,902.5110526,4.494147848,37.92853656,9.441711302
54.80512879,6.542195949,222.0848565,4.595636789,42.98679606,9.493118425
78.7143287,0.254810229,194.5271516,4.583487075,40.45269642,9.497305992
84.61596224,4.045695005,256.3747304,4.453489082,18.64776619,9.703268903
29.88705781,3.008623132,882.4323885,0.884650268,41.64786698,9.465391034
47.75677329,2.611437435,584.2312372,1.39495743,25.74443392,9.636375764
61.36758222,5.830238258,816.2372691,3.09383401,11.03197513,9.74668894
29.48931318,4.021777318,769.4873365,4.520912221,1.226617775,9.881295775
99.34181481,4.914620241,131.7440181,2.827208444,22.92666736,9.65821711
4.932154356,5.77624292,931.5711631,2.36315309,11.46013369,9.787309392
67.094047,2.676254883,915.1910455,2.385228043,39.2277244,9.449109604
4.913755477,7.324888605,147.976119,1.088589366,43.0654195,9.549634438
12.39251436,2.947107214,369.9072334,4.55005284,7.144481929,9.879171943
61.69349704,2.029077638,288.8089466,2.225300187,27.36132887,9.63581232
17.53736368,5.955219571,607.2443852,2.042676377,10.03600701,9.821378128
33.39272764,0.980365917,744.8377539,0.0730865,16.58954174,9.72622808
92.43405122,1.875193167,523.5155439,0.746224948,47.48842024,9.380330192
82.05794723,3.126254749,751.9458576,2.836761225,11.08261398,9.731921327
13.43871456,2.49244751,628.9905944,4.773874787,38.84376478,9.535224578
90.34608705,1.940784573,914.5893784,0.423409895,47.20934405,9.346101535
14.12156541,3.615298958,345.5554269,1.649285103,36.83077318,9.58301516
83.94719842,5.704733792,546.0750486,1.306539732,45.16625378,9.409782759
56.47773396,4.113122512,559.4992743,0.522333487,5.571714772,9.831855191
92.72852916,2.185557386,270.2811452,2.786211189,24.34309845,9.636812372
55.57328345,3.65429135,405.2152658,0.843994367,24.85085591,9.655396631
42.29561183,9.400837459,129.787231,3.078702152,48.32630242,9.461462641
9.796177403,7.211185289,865.5160358,1.661164908,28.46817139,9.618970505
8.963013453,3.370566484,248.8314485,3.426840139,2.784388855,9.938309953
48.32289969,5.538458407,931.2546297,4.605610949,0.329653365,9.855255104
58.1031035,3.997882115,536.256124,3.248000312,13.71883667,9.751082917
76.11507496,9.205195087,888.7860766,3.776714201,26.22282921,9.572778025
48.51925302,7.449986369,772.730116,0.060596995,1.891392261,9.855293813
47.75600968,8.663563995,215.0063549,0.717883821,46.65811258,9.464162229
89.11123405,2.686742754,840.2849904,3.785050679,49.7695521,9.329164746
16.33743704,8.973936226,56.98035389,3.365323232,33.45789024,9.643385625
91.56939494,2.278755239,171.6324047,2.567556992,47.6285871,9.414981494
27.88660195,7.966649547,319.9421524,1.275609157,34.20528534,9.598066329
77.14059941,0.13063354,583.6008579,2.654516099,19.45036495,9.669995665
78.53177302,3.559207293,544.0280939,2.139291123,22.402585,9.643039568
48.56175519,1.561810423,803.4588843,1.452962018,25.81478996,9.612944457
27.30682795,8.592833511,831.6870321,4.753098936,18.21320571,9.707392412
88.69536379,8.588574472,573.8043084,0.737872229,35.20742688,9.501849937
94.4787859,8.193050852,76.53106063,0.112617331,23.03179564,9.667550152
91.30087264,7.223627944,999.3855831,3.136493001,44.11149911,9.367645578
81.20250391,5.386089104,90.45054528,0.654165208,40.77409567,9.502011485
36.93738905,6.026409673,291.7116276,4.457646174,45.79981852,9.475893263
95.57053407,9.28636755,564.0170241,3.009399491,48.11238462,9.366903917
37.26345905,6.308369837,439.718282,1.723608845,46.47211299,9.454043583
56.96441659,4.651061129,54.1288471,0.777443662,27.03717284,9.66725097
99.46183206,4.594364588,625.1916031,4.258462144,45.91985534,9.378820454
36.61300718,1.635937891,971.3029768,2.637448474,44.28896309,9.423367064
29.8506179,0.886634067,878.4021516,2.08281691,22.02887848,9.662020382
98.35385428,4.088426856,573.6796011,3.686455709,11.25992183,9.731678967
26.96979208,7.388253869,807.1447851,1.002982297,15.43695567,9.737946173
0.872129741,3.848327125,901.1149257,2.00670233,37.950746,9.529508918
5.738704881,5.878947475,954.043914,4.921920191,28.92019412,9.609654963
1.431894611,8.39895643,734.7151856,0.123405914,37.83309433,9.546765643
71.94983336,0.965927942,536.3772462,2.744379887,44.74274823,9.42698496
44.31222394,5.5915756,550.9464413,2.596879683,42.65792411,9.474013891
94.66293196,9.149219886,196.4516436,4.33999925,15.88774103,9.726814493
1.281150217,5.331242785,94.27316044,2.496541197,36.98877133,9.61940382
84.57750812,3.228133708,838.8038589,0.285650743,30.78107175,9.523731388
34.95697438,5.487520436,191.9477923,1.15617589,41.8192861,9.527655385
79.7593834,8.543268876,478.3879695,3.310657846,22.90958127,9.643306007
24.91241577,0.061977121,919.8067557,3.485517439,39.09158991,9.49219101
7.411354681,8.829104333,146.7345995,4.21520543,38.23601305,9.595555055
73.88182095,6.871976811,202.5017107,3.28895474,5.429517022,9.851572838
85.96174545,2.003707207,439.6053312,4.530222492,39.77136658,9.472364056
3.812224928,4.88506167,525.1461378,4.176416014,29.84826063,9.645190555
6.59244537,4.197308443,660.2003727,4.940172216,19.20421507,9.735345367
98.45932606,5.488608525,463.7540515,2.077170039,28.96697303,9.565495539
42.8536532,3.834755936,978.1689958,2.47254168,39.00943294,9.469235118
50.62983637,2.319315693,948.3680614,4.406534965,7.096669758,9.78356666
88.49823177,1.970139712,568.6133296,4.655076213,28.22465854,9.57239385
21.1628507,2.649539521,678.5707621,3.735198244,29.58761178,9.615103955
28.14257839,1.867708027,654.6466232,1.146656269,8.138948134,9.825003278
13.11412758,7.388445759,711.911561,4.637372555,13.0856301,9.784838415
58.94545836,9.196162961,223.5055155,2.26984465,48.29088016,9.435795189
95.48823905,5.115861496,448.6688702,4.724134307,29.97283163,9.559916558
24.69413307,5.173266954,572.5530256,2.761459248,20.2839621,9.715210943
14.64204818,8.680562261,112.3280522,0.697340789,7.462408409,9.899501063
3.941050546,8.577318497,891.708391,0.612818061,23.07843761,9.676103734
39.31846276,1.261538858,864.392661,4.320337342,37.04091819,9.503833089
16.65658026,2.636296426,192.3042241,4.162342781,23.38092999,9.730303697
15.04462336,0.100951748,278.5106121,4.870652797,1.584543275,9.941258883
91.1451527,0.579404201,671.7702481,1.74848465,22.77492139,9.613928609
22.11388018,3.385258597,308.1061368,3.544501373,43.56267907,9.511448715
40.93165833,8.162211023,11.54924064,3.938488366,26.29769045,9.694936513
83.37289049,2.240406282,376.7428953,3.488542902,42.4210196,9.454742624
47.83165741,8.463600389,548.3193379,4.95685513,45.23555868,9.444980822
38.56279074,9.554826323,765.3418146,2.627513599,49.55216013,9.389381427
69.49833287,1.946068925,114.0367589,1.310578821,36.77511167,9.551346875
55.044682,3.971513335,758.4295207,0.118937137,40.678754,9.462324826
74.82679813,1.802027073,389.0231445,0.188000908,0.589386959,9.880377018
99.62678716,4.881966581,372.024764,0.980860473,40.35961225,9.459574614
70.57527195,0.015561979,771.226673,0.557413726,47.43163401,9.377985721
33.2736084,4.511027753,4.980905674,4.121963442,15.40841271,9.812144174
55.64468762,9.266007971,156.2223832,4.336648065,25.01194654,9.678613609
92.44561741,8.223550502,442.9800307,0.443558854,1.509872744,9.848157652
87.42308098,4.742849175,663.6949079,4.408242071,15.23294957,9.693877932
89.57630184,0.275324394,279.9256787,4.058831975,42.66101592,9.455820971
94.48353954,3.030112725,780.2355856,4.925651513,26.35030076,9.563989894
25.25962896,0.389623154,759.6530628,0.694226922,19.34713032,9.705303762
30.92778817,4.16850673,905.9989949,2.129738806,45.63721563,9.422100156
80.54008597,2.883783321,318.0890191,1.849221123,30.28235958,9.584827416
67.40625171,9.722298357,926.5160635,3.059358607,2.311938975,9.816822752
54.53076204,4.036402213,544.7787254,0.200881866,49.78811037,9.393110262
5.695837042,2.726799343,72.12402894,2.73805553,17.59091483,9.811182612
37.52998429,7.891675209,904.0201156,0.828484916,13.948847,9.732579534
47.27286202,1.128816701,386.5380821,1.510440228,46.09881685,9.453085161
19.85341204,7.212113981,215.8932088,3.128291894,29.09953641,9.667561903
45.87242927,8.169073022,222.7171944,2.38640112,49.12088007,9.440647051
18.32617893,5.454324548,293.1057833,0.619030298,42.57964904,9.526566752
57.76788416,5.788292635,545.3347373,0.922340534,28.43165828,9.603382059
9.138901444,6.826418704,51.45716806,0.945755585,14.71088985,9.838606483
27.89312177,8.12102289,287.7506446,0.369789511,3.399134679,9.909340467
14.94135194,3.941919005,196.8142337,1.175111797,9.198782775,9.873389397
29.87353972,5.048587286,971.3470717,3.959952209,8.626035173,9.786731401
80.28506904,7.100930299,905.7984099,2.173533668,43.35493413,9.395585749
69.80902525,2.730925761,389.7761485,4.192392948,40.38561399,9.48735722
24.55059727,8.362738906,945.757072,4.388847293,19.06440139,9.690229682
54.11617956,8.459606423,716.4004275,3.545524701,14.26257306,9.731618047
61.08018899,0.544611157,297.1473996,1.013944331,19.35072871,9.715697784
73.82295862,2.605411278,178.9150913,4.210178377,45.7548982,9.45073655
44.62165963,2.444977719,252.3659018,2.080899439,40.12214688,9.528920281
56.14816808,5.773359469,978.1573156,0.388375984,23.75066967,9.608529404
47.94022951,5.539739758,167.9402374,0.844610742,20.77242805,9.727541466
60.62172563,3.02802525,497.5192041,4.933786372,1.521550869,9.874410845
46.58672858,4.739046973,691.8063887,1.332000576,39.99670337,9.484265599
40.099342,0.951623926,630.0604991,0.131965722,35.84010968,9.538493511
1.214029776,5.966702024,870.8919795,3.492042136,31.21718774,9.599524895
43.17911253,3.361955169,370.2955209,1.8751321,26.49418147,9.654849521
14.33300811,8.818819351,625.8755443,1.872181139,49.11060821,9.431973355
87.25275366,6.068161895,371.7488185,1.84546928,3.335336318,9.842219001
34.25209708,2.456842284,608.5511223,3.600817428,14.62124053,9.758680385
54.61474994,7.870796432,641.9038103,3.718306563,10.90398439,9.772155025
63.5049893,2.737843131,230.7505883,1.354686396,18.32627558,9.730157196
47.09404165,2.292614426,349.9634953,4.482483576,6.731345376,9.850596155
21.572406,0.606926929,708.8811298,2.647053569,23.71601703,9.670379311
3.441517574,9.613426655,844.0773647,4.101870541,43.76087378,9.474542008
77.70251609,1.394375674,971.492431,4.668592365,34.80385557,9.477109685
29.20106765,0.011111084,485.8617694,2.974017363,49.69906616,9.425222094
13.2915037,0.888200975,426.318438,3.754781111,17.00351648,9.774041488
66.23602527,8.894383866,793.1619911,0.507979293,22.30376636,9.631410112
3.799265442,1.686383244,770.7110265,0.870465659,27.94070247,9.639722607
61.49784862,1.56636337,914.8221626,0.292509237,45.96172957,9.387402639
11.37993872,9.008699833,367.890927,3.949203949,19.71188176,9.754712151
73.31564831,8.523907554,525.4388786,2.010697835,19.73163201,9.676824144
5.659176287,0.148157171,743.5701343,2.076997417,7.554638422,9.844437426
87.15369971,6.377717256,474.5044484,1.784924966,17.23731632,9.693022692
37.14202808,8.865543359,378.6041274,0.096582155,7.246684583,9.852530713
34.6208236,1.663522008,822.9814616,4.993658054,16.70815104,9.71599952
48.51863481,0.476181672,194.4641139,1.145302528,19.37414571,9.738293497
82.64166097,3.99210272,741.4286095,2.642949433,33.18246024,9.511390876
19.72237757,0.388118085,246.6704612,0.506163324,35.13340938,9.604276483
56.92255212,7.936884474,402.5963935,1.302460827,43.05204277,9.472297381
56.55305248,4.728987972,891.3437491,1.739062817,20.44511006,9.649861472
25.74445784,1.327075195,570.8960784,4.60671066,32.44011545,9.59276478
66.38604235,8.584238601,700.1210491,1.879702151,40.16625542,9.461939299
12.39973712,8.714689383,509.1418628,2.729107258,46.13378012,9.475348275
68.26798893,0.781684848,252.9060315,3.553832524,4.656052324,9.859880885
26.12967609,2.636870879,707.7085653,0.25811645,17.24905709,9.730608896
42.63729268,0.732927968,458.4015383,2.65703863,48.54092765,9.426113277
87.35181808,9.305531887,270.7299683,0.750836199,31.9246182,9.566329003
20.15248838,5.864820863,195.7248347,0.325720132,22.44620991,9.735812929
63.64498047,0.941346658,549.7180448,2.184174428,12.76209463,9.753762269
17.18778831,2.343259497,896.6115448,0.159352251,7.374225361,9.819408804
51.816987,6.826409161,410.3196865,1.201789166,13.7173715,9.769977329
64.93986134,7.129018175,970.2856426,3.517539048,21.09577328,9.627073842
24.55395156,5.346387665,726.5661913,0.582960106,2.990459752,9.872884832
22.4158245,4.192473202,667.1744174,0.045718135,26.92781345,9.641588599
29.08746748,3.350155042,433.2299459,2.300123954,20.08902738,9.726699264
8.739308335,1.591437101,493.3593697,1.932783914,49.83508389,9.443573916
76.96195038,5.828512681,547.8350581,0.249979957,33.83657665,9.529888777
56.5430175,5.159001567,766.4446803,3.914951989,10.83453262,9.758467188
18.46492163,6.596665366,330.8023493,2.273895766,2.218866335,9.92626618
42.29389412,9.418489703,687.6685961,4.097027489,31.37623571,9.575176889
58.51084103,9.708549546,489.7138783,3.951509815,11.57054806,9.776812291
10.19611346,1.813269921,342.3041169,2.303414278,44.46935187,9.510879956
59.26255313,6.426100928,384.9490468,3.348099693,20.20579729,9.700184569
60.80691151,5.358100048,307.9065421,0.418012397,6.130196055,9.847100474
57.49056458,0.73111428,453.0555686,4.495304688,29.1319537,9.605884342
97.66629593,2.878808229,649.9134335,4.673774478,17.47021263,9.662640234
53.35805475,8.471784711,331.334685,0.044767686,49.51127592,9.418395718
40.61225766,1.094749973,736.0274674,1.625297479,8.422836546,9.80155663
11.84905164,6.975736149,993.2622147,1.959573411,38.18693041,9.506955423
65.424032,4.209615094,48.9339406,2.047144772,1.463284198,9.915049732
95.2241644,4.09388208,579.2401873,4.7036744,28.80123074,9.558839509
17.23289279,9.516135789,187.9398704,0.640730718,18.12257189,9.782747401
43.4850836,9.773725061,554.0549132,4.029203008,38.44918655,9.51661756
40.22262474,0.746492366,119.7312299,4.963586355,42.99726316,9.517831621
34.57182603,8.327802834,899.8673859,4.616975474,43.76029961,9.437838439
18.62199001,7.934650463,55.63515757,4.032635231,28.84543491,9.687360145
73.49362551,5.497055617,597.518993,0.18510687,1.572788975,9.851026585
81.21306039,2.910563674,807.2142586,3.517520616,28.24738324,9.555591681
10.49609345,0.660424041,383.9814892,4.626259476,11.31316576,9.8379741
42.22407479,6.416877958,496.7018593,0.12547977,34.76432524,9.560462487
91.84076745,5.996942982,580.4126832,4.176491208,41.64192018,9.433698762
18.67565278,4.222991471,819.269782,3.674169834,42.21940173,9.477203352
12.94433089,4.39467061,708.9532175,3.650806272,3.590245877,9.880257889
71.19403565,6.262284592,348.9130787,1.520542996,1.450467485,9.879409982
39.19898146,3.069951076,431.5013712,3.543728082,7.274095398,9.844909927
47.99624319,7.928532883,248.6345907,4.318421928,46.6479732,9.460660566
11.28396091,1.157004944,645.2019963,2.585949943,45.1788787,9.472407052
80.19519053,5.018925618,68.69050888,0.494352392,22.42455054,9.688690253
30.4571619,9.431294296,665.8458223,1.352652896,17.84793112,9.724478945
8.078271991,2.496880445,318.7714004,3.209741723,8.627686734,9.873767721
67.71836994,1.176493558,894.1261107,3.132182788,28.873631,9.554132709
18.72716898,7.408706507,236.0521619,3.990216105,38.94772936,9.568190321
93.93957528,7.826932315,364.9451853,2.553261232,31.34345206,9.556131386
26.7518065,8.000516183,329.0980423,0.650680391,2.976071414,9.910577675
66.0009381,2.647113692,851.5756984,3.862159243,5.760397574,9.791237516
55.5281228,9.67373896,829.2309251,4.361197821,13.13783498,9.730170435
72.54784092,3.39881654,828.0626627,0.513261082,34.25570492,9.502088844
64.49043196,2.613181435,632.1614755,4.554404785,30.75829149,9.564710506
18.40430104,3.061624135,351.5584338,1.555846742,34.22037408,9.604236115
95.00027804,5.039101633,790.2570522,4.721925363,18.72222078,9.638751809
4.627869775,7.533016046,734.9903286,1.516257889,13.45649419,9.787308155
70.33281573,1.564051322,843.4482252,4.303145143,28.31742144,9.562148147
21.88049849,9.49003056,235.2815785,1.545005202,22.09160247,9.733675319
52.07299484,4.555173221,0.206948482,4.310982298,1.18693107,9.936037
88.15506099,8.22817745,936.6991079,1.569817251,8.985349985,9.728321528
5.428652624,6.877426969,156.5588515,0.839157424,11.51964609,9.863719001
27.86190589,2.135965842,607.4172352,2.555579717,32.53432957,9.586053075
64.20482155,8.551557562,36.72665464,2.7885583,19.29707949,9.739151718
78.92646652,2.285547482,608.951719,1.34796712,11.73355924,9.742842769
32.78369851,0.635757417,746.3862279,4.406550302,0.849255475,9.884085124
65.24424151,5.629006629,905.3939002,3.426801134,20.92924875,9.634923881
57.8196044,1.272144843,162.1501202,1.119184732,24.15450471,9.684420336
26.68241107,1.005443886,518.5084461,3.489148855,4.821954118,9.873247203
72.89528195,0.236681677,698.9406234,4.765426274,22.83834303,9.628827225
6.589075737,2.826820587,147.5138133,2.504682868,9.040172363,9.888257819
99.63816982,4.195658041,387.3411869,0.320820433,29.92951091,9.562332602
12.43033226,2.617414653,299.1392485,0.490579959,41.50069194,9.542648824
11.05290105,4.830050312,289.0625797,1.182722829,11.16479265,9.848392915
66.9864376,7.93797505,408.9133583,1.592641517,36.55178056,9.526604421
26.91642313,8.704607389,293.877536,0.256262818,23.51713129,9.70852451
29.99053572,4.659537627,292.0264475,4.935073147,48.72680311,9.453538788
61.75352057,9.065601173,312.9359659,3.939464466,38.25262659,9.524426617
35.53145136,7.214717305,93.6174272,1.162905931,10.49508814,9.850155924
62.5771338,2.017621727,283.5572001,1.361796952,47.1674745,9.437392401
94.79997339,8.316465959,451.5219622,2.450329836,18.7288648,9.672759182
46.08295374,1.415038494,270.9844626,0.925506532,44.04530777,9.486365522
68.99731641,1.333347579,430.4095136,1.628213089,0.747144694,9.880490285
73.94275137,4.402098161,361.6597341,0.910755508,24.41446333,9.645746642
27.16390141,5.077763448,250.3933499,1.463226323,21.25815192,9.735215244
61.09114614,8.42562922,278.6546445,1.636871255,32.23374599,9.58870593
99.48453661,2.307660182,220.7735828,4.101527103,39.90348087,9.479403296
32.90118106,0.147500711,429.5180482,2.717418289,38.00772153,9.544069799
66.09470573,6.721265032,803.3806301,3.874359407,23.66269574,9.616940274
10.48125769,8.143355706,601.774,0.165067385,39.42455299,9.535095812
39.33394267,3.141128963,515.0483536,3.357801658,46.24231889,9.446738033
2.601777308,3.046715232,40.44490095,4.215656701,35.17689046,9.641584828
27.05702183,7.693841608,633.3798146,3.300652674,37.52148566,9.53439014
16.09772871,6.004598141,517.6429313,1.702392601,36.53119098,9.566826068
43.42401096,4.700680824,209.2344605,3.694770091,0.530022153,9.930352321
49.72326469,5.376448623,267.5845278,0.842616799,17.39806233,9.749537659
10.58680345,7.211829775,581.1331376,0.208844838,47.69149011,9.454384982
77.17621691,9.743897848,642.7701974,4.710568604,40.15769587,9.456969805
30.86644145,7.541478947,121.6065169,2.531746782,45.43860584,9.502586848
52.46203829,9.467119294,381.7710226,2.620767877,28.47477323,9.624613127
96.04976835,7.07681513,594.8151228,0.328545422,11.15284165,9.732940303
12.33638887,5.111583332,990.8174778,4.187772022,24.44175552,9.644164308
51.43933767,0.413090131,835.289162,1.909155053,1.382585559,9.851205891
92.42961105,4.398767669,674.5716113,2.700236638,39.48270414,9.445286186
96.23792466,6.209655766,116.9191229,2.941110201,1.585387302,9.87621629
34.484115,0.739879943,285.7104028,4.493644209,10.59234842,9.83102136
78.25099948,3.963914258,369.2066518,4.22196952,20.63322813,9.678496054
98.24069186,1.988489141,879.4901458,1.355435768,27.7657354,9.53615294
11.98274883,0.468728192,372.7673653,0.896417609,24.4101629,9.706638886
24.29920351,0.388737124,718.2932747,1.669001453,8.615099534,9.817720474
94.79735254,4.885591656,562.9584962,4.811117741,5.907720022,9.789829598
18.22693513,7.102047828,560.7882313,2.076359341,5.607751658,9.869616725
58.39600845,4.414453761,671.0662329,1.502108534,20.12550285,9.67324234
30.80164197,2.009319917,508.0139333,4.145693788,1.721614953,9.901180815
48.53790524,7.521014432,634.0543087,4.9651281,2.861937923,9.859437285
16.17422496,3.196797564,6.227204999,2.597331068,32.03173406,9.662885714
41.8736387,4.173402893,877.2788135,3.059509577,13.17511569,9.738647323
31.96459134,2.008246318,264.6430049,3.350811054,31.8881962,9.622689146
26.16466798,5.397318654,860.6315237,1.341897154,1.244810052,9.875324079
27.60862723,9.407230534,20.51245067,0.607763292,8.686212447,9.883478003
70.63085882,9.786864884,588.3091409,0.442489746,22.89983278,9.641539899
78.30704695,1.79088767,295.8403662,3.337872503,15.89173417,9.733191575
72.88579057,7.95147419,830.7819743,2.756336286,18.93974607,9.654638551
61.84630781,1.862709524,204.5651882,4.093521882,40.86388962,9.509058277
40.68626251,4.674061396,429.7531133,2.261918942,11.3895638,9.802442788
21.8288492,8.327791547,667.0820762,4.87889379,8.011243383,9.831350509
92.34454318,7.655774596,527.5747456,3.266258835,41.88133638,9.436084618
52.76276329,6.473823914,976.7700791,3.60148137,3.923714817,9.810323081
71.68044759,9.738759284,390.7294318,0.217140805,36.36627964,9.525583813
30.91460037,9.17925566,182.53879,1.883343277,1.183850954,9.938993011
43.87024701,1.900037237,597.0923156,3.730932626,13.99199415,9.75650058
13.37312036,1.197435687,254.7367025,4.14210707,21.65346312,9.744618578
19.29642463,2.836372112,349.9245311,1.019783592,26.97641413,9.675946981
56.94768885,7.795808337,695.5145248,1.229021057,7.875314441,9.794747714
90.38797122,8.256349403,7.439828641,0.117135357,24.44136593,9.664454387
83.83399695,9.2533929,193.960611,4.04673021,20.80039515,9.68876599
65.19715494,3.155422051,125.9718868,3.537726598,15.40346542,9.768171002
2.972320604,9.667930377,428.7951528,0.496538577,40.62132967,9.547934867
84.86043196,3.013500836,682.7649166,0.601183441,19.35404378,9.653322639
22.15169742,2.455833813,964.7857507,0.173378588,27.53662343,9.606003493
63.64034635,3.338485671,243.0137769,3.981984604,8.550715618,9.82655112
65.05397349,9.997941909,837.801883,2.118588021,34.08505912,9.510315247
58.84691347,6.521096151,311.4353886,2.524934266,3.822433033,9.871785217
23.19868689,3.997393352,156.7258718,0.797438911,8.913737097,9.871991355
55.15196779,4.524197457,622.0613543,4.90493767,30.34904882,9.579151409
22.52656311,2.654070221,197.432792,3.884156224,24.83998969,9.709330261
11.35970212,8.737175401,395.697321,3.048050812,48.7308568,9.461761998
58.36017861,5.080808028,907.8337853,4.477362054,22.79187989,9.622937644
68.25642422,6.778072978,296.4540673,0.816425134,28.43969087,9.61770126
3.607553631,8.228942988,760.627,3.544162448,46.4077418,9.456252328
95.79903411,4.672163599,674.8173516,4.872876958,42.67262181,9.409993013
65.41373487,4.394916294,742.5466264,0.292440617,1.159065493,9.848740948
75.3617268,1.295237711,811.8856658,1.972333913,47.57597434,9.367689963
6.398443358,5.028864149,269.8062865,0.505431146,27.05714968,9.696049431
0.628561108,2.102206541,451.8048807,1.730843064,43.15854134,9.522605537
28.59004172,3.221334579,910.7459128,0.857326105,31.22899956,9.568045371
39.58740216,0.651396837,796.914003,4.990543015,21.12280176,9.66949318
59.82991856,8.37106259,785.7387829,2.525261849,14.20949272,9.719501276
25.18589298,8.692546826,76.75054149,2.951622294,24.45663165,9.722572736
49.17164179,8.048808791,152.0423898,4.942612324,15.72907615,9.778333358
82.60194076,1.666763259,759.400459,3.378241777,39.75354494,9.443922564
99.91426728,6.833749031,515.77525,3.493326887,37.92165468,9.469291661
46.04230468,2.288695959,218.0810758,0.109379426,37.92475148,9.552902073
34.95565397,7.58591529,130.229646,3.361083853,2.151315475,9.930508227
59.37575313,0.257800281,697.3644833,3.959860592,20.61967497,9.664691049
35.61121145,2.321157942,853.8805957,2.337224726,37.80966363,9.500904093
61.98555596,1.457879648,170.1420805,1.311194908,42.90844576,9.491915778
32.39400085,8.889400601,629.7693895,3.541560094,14.02401786,9.764388882
4.819273085,4.538918239,640.6110058,1.676149931,47.63621626,9.454757464
63.87968851,9.936639853,801.2917855,2.551404078,8.216247502,9.773828658
64.9933958,1.51225326,405.7048948,2.467922548,24.73374262,9.647098689
24.78231707,0.229970232,553.2858272,2.258743583,3.190779996,9.8879813
51.76034373,1.150003289,991.8247488,3.700299542,18.19175743,9.667139607
83.9729808,1.02183438,877.7807444,3.294367663,4.080467641,9.787444268
43.74461397,5.967588005,623.7328853,3.685033259,32.95568147,9.564325283
64.36884971,8.204461013,20.55898021,4.798565863,21.51306372,9.718444615
28.43965373,4.896175053,940.2967141,4.59451993,40.88595454,9.468671129
22.32579789,2.859716668,829.0184205,3.261052413,12.29695006,9.771802859
86.91214311,9.041344296,634.9151806,4.923153452,27.57672513,9.573829087
85.81437831,3.032221704,952.0674909,1.810732178,4.977480142,9.769204071
15.51341758,6.334520118,757.1847196,0.273630112,23.47562878,9.674011823
78.42070616,5.269841858,418.8704963,0.884713748,5.681971496,9.822872529
33.3046476,2.849489069,367.7280066,0.380913878,11.30096042,9.816912948
51.5316683,9.916130877,415.7630119,2.065460262,14.20610372,9.764830993
55.7720968,8.598698878,669.3856929,4.993418424,47.26382082,9.404651126
84.33586853,0.417525038,754.7686263,3.07941793,37.29073225,9.467279946
97.74542063,2.204747475,361.3809298,2.76294613,16.8043361,9.698073125
86.46247164,5.425374642,5.253243424,4.555013167,26.1095875,9.651916329
68.60347222,5.087212701,614.1106241,4.90497458,22.089817,9.649087295
69.79683801,8.594292396,104.5082733,2.906699855,22.92862052,9.690466129
99.21747143,9.369734995,186.2037941,0.488024597,22.68191719,9.655342977
1.915172457,4.969633607,738.4425779,4.416333688,48.16190792,9.442621491
91.68780092,9.139448366,334.8729778,1.932932905,40.71070417,9.46771786
46.71462832,1.505613934,454.2686272,1.849598536,4.266113227,9.865197377
35.04130506,9.592206129,926.4741227,4.845690103,28.58413863,9.586469896
10.58950588,2.269883506,186.3653713,0.943267924,44.41714433,9.526602514
20.40177056,3.789654833,93.0669112,0.182539942,47.39253728,9.496366165
76.24151918,4.348938417,168.8167193,4.902019428,21.70816326,9.689795176
54.45539085,0.754237976,279.5433567,1.311669661,6.951198409,9.848078289
89.41843962,1.938191625,30.80259051,4.929298985,46.97867853,9.437714516
72.29464664,8.414409646,156.2398706,0.399887493,43.21087551,9.479972611
35.84847053,3.227762726,688.6950963,3.785203011,30.68428706,9.588439149
9.528787303,3.652726254,13.15773293,0.48729718,36.41852022,9.624970237
27.26045464,1.596203893,980.4555996,4.101774361,34.10733023,9.533620683
32.5595404,1.677830538,816.102861,4.63269698,43.18470284,9.453983145
25.26219763,0.89184669,504.1977532,3.865607685,49.08215434,9.433496484
91.58718303,0.319979878,22.07048563,3.158620052,6.390108794,9.84230468
60.73793993,0.094036149,741.7014481,1.935759906,37.89403543,9.486151561
69.27212161,4.776399317,508.6327158,0.451025264,32.41800933,9.555684514
64.07550826,8.158320844,49.16908123,0.938867952,33.14792157,9.599528368
55.17326243,4.148711223,26.9651099,4.170097527,14.50639472,9.797066279
36.47889316,4.555309033,544.9269868,1.204705145,24.9355614,9.659672794
92.53807606,2.017043196,550.5642153,4.86555069,23.98834073,9.612522095
90.51205899,0.379802855,523.9174387,0.014372561,13.54938246,9.721602373
91.66328632,4.154470296,463.0384651,2.015368919,36.97345674,9.4922983
39.81740946,5.10995852,63.42721105,3.566478222,26.7160678,9.686679191
97.3568213,8.711270454,345.4455614,1.862288131,33.01391363,9.537959486
45.84465435,5.546113783,970.9661195,0.453288368,29.73928155,9.559665918
67.75899255,2.193707406,586.094734,3.874748301,14.2753946,9.730877588
97.70109413,1.302656185,473.9271096,3.644355489,22.00953992,9.634810796
51.44907981,4.748157201,53.61307361,1.607411887,4.145671719,9.901732896
76.03151258,4.775896509,407.1616214,3.804644681,32.85596162,9.554692709
41.32735428,1.338979466,482.5971011,0.962184783,20.9742214,9.700670722
88.07517735,2.758876837,433.7083224,0.157403098,44.70150156,9.421538975
7.953298475,6.344633591,971.4258253,4.565570632,1.547917608,9.879424943
27.02071102,1.077060449,405.5103028,2.263712013,8.360013161,9.848828127
77.45380699,3.489379937,399.1655836,1.48611382,14.32748724,9.739354762
41.99900706,4.102480778,515.1703912,3.544495998,5.588562725,9.850598327
9.302191258,1.554304098,96.17729867,0.813153049,1.561752504,9.965462554
82.70312265,8.01096628,23.8238243,1.625000226,31.32468668,9.601667628
15.32221736,1.716540717,67.33397717,0.787448669,32.35623348,9.65438205
62.97470541,2.670375132,258.0616552,2.078115785,23.93837933,9.671835336
91.75899819,6.774914694,319.9754637,3.827760877,22.13283878,9.654915068
58.94016227,6.562980818,325.130198,2.503143835,5.053174023,9.858015078
84.70444817,9.524166766,901.8386162,0.223768161,42.64368266,9.398674864
84.20740774,1.306690316,720.9577328,0.269247143,40.59303748,9.437766444
80.20271445,9.676485225,433.9467682,2.484503234,21.55538527,9.660848756
51.0374312,8.153659234,868.3731989,0.076821577,33.41184,9.528006849
62.41946135,6.118705902,749.5912954,3.66500576,5.370344497,9.808917964
71.02950577,8.291117476,12.26352777,1.598635155,10.00795723,9.827664569
1.879509996,8.686856802,537.618715,3.684678593,10.88011349,9.835557484
12.46576808,1.55878107,845.9140427,1.292284173,30.88326045,9.594110223
35.44609711,4.403955709,855.1738302,3.67140739,16.78327248,9.711203795
89.72004852,3.157954564,750.2488359,3.949162446,18.03720621,9.654883006
52.44928917,4.594319408,624.5246536,3.649290049,45.60703584,9.429027887
58.38558601,9.023594339,992.9139267,2.728670884,12.60600123,9.716263009
64.25133986,7.291908718,648.2755698,0.27854445,9.432221344,9.77659889
23.85836165,2.450218883,939.1072828,3.340074278,11.60967511,9.766134159
16.55630895,0.483243541,283.0119027,1.683533757,14.03477447,9.814794756
71.98192748,5.669887933,103.3026833,3.246805277,15.52710346,9.76241677
74.13600513,4.889692635,140.8961029,0.914717344,27.57375356,9.636036849
28.44835444,3.820706168,785.5671925,2.779925274,43.86301433,9.454364783
68.80383942,1.538144107,99.55146317,3.216606606,26.77824846,9.65345853
73.42968643,5.545499082,987.6322296,4.90820938,13.60796388,9.691727452
79.18695698,7.661155112,840.4614326,2.101694088,46.39006988,9.372866201
37.67762632,7.133243651,602.3780088,1.819736394,11.39416325,9.78814294
68.53535256,9.023318309,398.4982897,0.482343199,14.03038236,9.751310995
40.06535196,4.070576518,637.6750685,0.575751096,5.630324007,9.839863901
17.35432829,1.657332977,175.759385,0.026125524,13.71016359,9.827968097
56.56911522,9.921918303,411.0678548,4.230278186,10.47357383,9.797588361
93.9769727,0.170202407,27.13321039,1.810344005,43.76576797,9.465652027
56.69244739,0.351345765,840.3504101,0.810905896,18.79989844,9.671273527
8.540044724,9.312092189,6.237430975,4.392282857,8.418099302,9.906655219
20.22577107,2.20715303,142.3466983,0.715484107,43.57947708,9.529744788
41.70836586,3.626766403,245.4636073,4.524552171,29.2497628,9.641247645
34.52329218,1.976770231,912.9192867,1.024052037,3.266449618,9.841520283
63.05357141,2.770943469,177.8921594,3.025455597,22.81860276,9.690971185
15.70702968,5.744564336,667.2316463,3.46888327,12.60719235,9.791497882
51.88548147,3.375138511,926.6738586,2.406107524,28.52765681,9.570170565
53.13866349,9.980132312,895.9386212,4.937037387,12.01937973,9.737073677
48.2365976,4.528069177,701.4920632,3.612925802,20.91780156,9.67243618
52.66888837,4.656517181,765.5959951,2.472052201,33.90174906,9.531754022
82.31283157,6.782799104,364.1715942,2.392215197,23.31172742,9.648152735
95.92691388,4.357426782,913.5837606,4.548204748,37.32735208,9.439441189
20.20492307,4.251489356,645.0376484,1.28392416,8.020411974,9.835087192
48.22435664,5.998315107,647.3444844,3.057670923,14.57076879,9.741333507
34.81986258,3.829201517,204.5352409,1.03466061,22.92845962,9.715442017
12.83947097,1.099690383,505.4900266,0.238186176,20.12366846,9.735374842
74.86829407,9.742569983,499.8767506,1.285698934,31.39771708,9.56116686
14.49412942,9.304979731,755.0437288,0.753292746,4.883628667,9.861165211
92.6283324,9.560535556,251.3428384,0.859329479,34.48069984,9.537430385
99.37020524,2.577661651,360.8601912,1.799352376,23.2712176,9.6318316
26.23999192,5.589065319,831.638716,2.001804855,14.00875135,9.750508623
93.44889812,5.497460532,232.7032155,1.73571752,25.04713174,9.632809463
8.893343792,0.338323804,710.7044596,3.710017999,23.51856087,9.684850602
86.43162178,5.884061433,757.3625526,4.679912533,39.51818063,9.442650317
31.05486987,1.18971366,39.77063801,1.952739529,0.372651666,9.96124155
73.79049951,4.517676169,732.2299813,2.488720771,0.744711429,9.845539388
87.21261,9.205323236,601.0596762,3.495831469,3.033531178,9.822346111
69.57166649,0.84000413,320.7878666,1.492653834,42.071513,9.477634417
46.28966968,0.627238086,242.1998672,2.22180366,47.37461336,9.45574421
24.13221404,7.753986687,174.942566,3.211679802,11.27920794,9.84558145
77.19869364,5.425203638,892.5934541,0.533906993,9.464182768,9.738900133
76.62478754,3.359672699,69.476092,3.515442083,6.78601385,9.848567465
11.91938579,5.028490191,411.9903754,0.869983665,33.52834043,9.611598172
41.54880638,6.851602314,382.8189935,4.129313379,28.70366081,9.633132686
81.18300338,6.260226031,361.6900179,1.93874748,40.3723017,9.478924978
2.922677283,1.7314383,629.537104,3.717108987,42.61776104,9.507946002
77.10110376,9.814832949,919.8566068,2.104708075,39.42544364,9.436658799
29.60199656,9.287424419,997.1633552,3.67289422,16.72738381,9.70340783
96.29956864,0.409497408,410.0015694,2.550174386,25.73134256,9.605386849
22.48758811,4.022372925,711.1479927,3.887912853,35.91600657,9.547237547
1.675490414,6.755490019,241.177909,3.228561651,19.00396016,9.784167117
57.35006928,2.247382267,677.3826504,4.513131749,16.72951692,9.707616497
6.36615032,9.39413089,549.0451163,4.158894296,47.31006589,9.465628679
87.4870002,5.20377583,977.3106728,2.188748868,12.48643021,9.68991763
86.82287938,8.820211452,59.38350881,3.68391876,16.75664981,9.739672272
86.00975703,2.429319266,580.3025448,0.651236914,44.16650423,9.414294946
13.60123848,6.479130411,225.5733406,3.783196468,9.209704815,9.871744379
75.82850311,5.059902304,708.6861141,2.603039109,27.82711359,9.57503175
60.44322161,2.283438447,575.7480922,1.319197098,14.97299444,9.732252025
49.90233814,2.282555967,618.980295,1.497839804,9.302070703,9.795178925
89.87199327,4.358224532,942.9275663,2.073600362,0.529401272,9.810541237
19.92179878,8.353503504,360.186283,4.231884612,19.41044797,9.749955093
29.67237386,8.007267547,72.28868696,4.379758143,20.99332358,9.753165522
32.87101234,2.199206353,594.407371,4.739729939,17.62094794,9.731478771
23.06686562,2.47651994,91.03178832,1.183574348,32.20999842,9.645729971
71.344908,4.166037947,943.6432808,0.834817489,35.78546797,9.476436084
40.5145307,2.393760548,194.6486142,0.838065434,48.89276614,9.451092946
38.94246488,6.081381888,432.3695758,4.05481943,37.92934781,9.538527099
4.673871161,6.413706702,968.8212985,4.252124541,14.78371487,9.75060685
61.0935284,4.503647621,584.5752027,2.808841383,36.66140537,9.513834898
32.08190738,4.323217566,579.1025668,0.040443211,13.58300812,9.774177755
48.61475919,1.805076443,719.0729666,0.526124002,36.14258232,9.518052121
82.22152,6.855927731,917.2638646,3.558388215,11.05941024,9.715457991
82.20093061,2.432800173,831.5383932,2.944260008,25.63266237,9.578318606
57.89833316,3.935957189,270.4703762,2.301968398,6.90283487,9.846026281
61.96381805,5.468591375,673.0784149,3.191333202,46.1980204,9.408748136
51.71468948,0.124760485,880.3317082,0.604879499,36.45972339,9.495654906
19.74239945,1.232996865,954.7456633,0.1785537,1.50997455,9.869683289
44.83383777,5.857026205,176.6100759,3.623389649,46.960108,9.467904075
49.8480399,1.217617161,843.4809551,4.714546416,41.64112103,9.449392654
56.46904032,8.397460495,376.8836548,2.498379981,4.065120581,9.865191388
32.41552033,9.156513062,853.4523716,2.970782507,45.26827739,9.429556469
42.69277152,9.376107172,945.8708007,2.849839157,2.510159316,9.837618555
88.46619379,9.113883287,943.0536034,2.360098377,14.56465884,9.671581858
8.751297477,8.793348237,723.0202754,4.009028088,38.45331669,9.534413508
81.736546,1.109896659,338.2780849,4.070852248,36.7138056,9.51729759
76.6756358,7.596107192,66.92003474,4.130367868,4.295632447,9.873676036
82.24053397,3.170882864,212.1241137,0.979529652,3.861317721,9.857933877
49.82630073,7.846024305,650.4411755,4.96021737,38.55133758,9.499616206
72.82893457,4.113211793,120.8091556,1.898791533,42.98249814,9.485265169
33.58467023,1.225164023,531.3550078,3.03723779,5.915677474,9.854123054
76.6310586,5.079029044,587.1376713,0.192013606,10.78950742,9.7567601
44.04688518,1.040886286,729.878678,1.083890437,18.06398889,9.702325358
3.339441187,2.531015323,849.0541601,2.66758422,36.60650364,9.545690106
20.75876536,1.961780188,583.826684,0.960008947,9.88614883,9.821997078
9.922083475,7.595588918,88.18067774,4.444884387,43.52767704,9.545983078
16.12618637,9.673941404,340.9277702,4.444984317,3.61372667,9.91364377
14.3771072,4.413958707,47.67202665,1.347568276,29.94182578,9.681437432
13.162892,1.244680424,401.1865799,0.515601687,32.64205648,9.620297885
79.04256105,4.738391777,65.30432759,3.061535958,11.9917237,9.794509769
38.00347838,1.927795958,640.4768668,4.094629822,42.92715268,9.468677308
77.18086714,5.46607485,555.82484,1.015016157,0.759751572,9.859639133
55.92499215,6.976543134,396.0225157,3.214621727,16.24976053,9.741975151
35.29096867,3.792679822,846.3664725,1.017756766,48.39369224,9.396135462
26.02751932,4.906756514,256.6987681,2.387155322,19.96332413,9.748669363
37.47792533,2.995139185,21.97287163,4.037890098,22.55003761,9.734824411
25.97606525,1.882343721,157.9081028,4.745136682,29.83474024,9.659885722
26.24225792,2.612498364,993.4743752,3.223418494,8.162464189,9.792785663
79.6834961,4.369100316,668.905372,2.938898034,7.1327888,9.782098079
12.3248783,7.553094049,239.6557798,3.563999741,1.152795662,9.952181587
97.58813753,5.004902183,428.7118889,3.974908335,20.50781531,9.654462521
68.71593375,0.240473556,917.6580539,2.740780651,36.43147158,9.475203545
94.17479786,4.203108827,104.3123653,0.168700664,23.66067815,9.658787184
57.53001676,3.518690494,488.0064068,0.633798898,8.094558813,9.812723754
90.3527982,1.770334893,537.2738802,1.640872052,47.45640042,9.38135581
9.755396226,2.302175294,299.2275729,1.806205898,4.822744423,9.912094402
15.46722294,8.655845618,480.7899094,0.799687676,45.85892701,9.477864516
72.35878482,2.540109814,876.5327511,3.689759789,49.73431933,9.342644747
7.883994785,6.194906916,260.2991636,0.762858898,14.49818367,9.821104252
72.68117692,6.28716681,313.716082,0.523209081,6.19085041,9.834038711
61.02089147,4.750815841,370.8793481,0.483743358,24.66762434,9.65521493
26.47099953,8.736057531,694.0014087,2.087164892,45.97568384,9.444372021
55.90498446,8.291444359,593.3746314,4.716246907,4.44130895,9.840344463
77.80010802,0.414504655,107.285366,4.040640877,36.30767691,9.548394586
59.47877434,9.164366672,395.4039369,0.027281528,3.582705872,9.865153773
72.40185646,2.59370512,585.15815,2.19810904,11.60688146,9.753013514
74.34691615,0.304540305,686.6031671,3.745832479,4.175735488,9.815235412
27.95034926,9.239592195,463.5035822,2.91628439,38.69172767,9.538782016
85.53119437,1.02996305,532.7111659,1.03218746,34.68852069,9.514312482
94.42417523,0.46843554,645.6876799,3.208561928,20.73544598,9.633652597
62.71447039,3.898722735,986.9979978,2.399357761,41.24495971,9.426136133
92.97069439,7.412051526,675.077843,3.519364951,6.463758343,9.774883938
27.21871702,4.574559245,423.8989364,0.813758687,16.14117558,9.768979633
71.48912345,0.539997543,633.0060155,1.827697288,46.7724942,9.397485333
28.9798162,9.68943891,852.7291857,1.054032488,44.8536127,9.437211138
31.06753892,4.423119003,433.8643836,0.816075054,25.54400962,9.670105927
5.208583423,9.692001462,421.6546086,4.168937973,15.37730266,9.798852929
28.71269846,6.040028123,772.090604,1.642115204,36.81942172,9.525884024
10.57833232,0.735367813,89.72260801,1.411791322,26.07433079,9.719706099
29.98871187,3.005298441,502.8492656,0.208863075,41.58942039,9.503832158
56.87502511,1.180517456,977.5756474,1.440461625,11.62747986,9.729092612
86.74680243,7.487302249,493.2947046,4.390397068,23.16448172,9.63227891
2.644167848,7.218225634,263.6708115,1.616518439,46.48921787,9.506096572
62.19116444,7.638109875,533.5808224,2.952424188,38.33628051,9.501087948
94.62850769,7.098770002,28.13873266,1.784971095,38.68047177,9.515752901
3.33728039,8.799584457,672.5634141,1.185737776,21.81970032,9.711209375
2.907051111,0.705196128,550.269449,1.134686815,8.947968971,9.852586314
94.6410533,6.529404179,43.28559377,1.481330331,9.14764571,9.80955393
95.82088279,3.062415345,608.70991,2.599086438,45.35553829,9.389752743
0.501547139,3.259893486,174.3815454,3.908850218,19.453008,9.787530218
83.69886906,5.281725854,950.0065668,2.212530165,17.50675853,9.646232889
73.64975153,1.833295049,640.684856,0.297764227,36.27862474,9.499495515
77.41861157,1.320366385,883.4855259,0.454078876,37.26703314,9.461562504
91.49155637,6.451194317,567.1398604,3.599273644,11.07913996,9.741003058
30.18893632,8.335173167,90.49600428,2.936695376,44.27392959,9.518022167
8.20148996,1.700164918,103.496731,0.53267903,40.12088769,9.58023996
62.56556616,2.236905111,430.7776723,2.883672613,34.92769841,9.545079682
35.85875513,3.5963757,391.7889569,0.812820206,2.098139165,9.903980958
62.01737861,4.600784194,282.9662892,2.242109788,4.745185657,9.862234136
38.6002059,6.178588062,931.1409087,2.491443358,12.27758211,9.745509882
44.47821939,2.149656299,908.0222451,4.653896816,2.618397821,9.838535578
74.74127125,4.392110681,825.5799982,2.95125651,15.62523998,9.686448329
2.553493102,8.801585227,594.6453833,1.490352349,5.735958751,9.880622381
55.49743211,7.012513837,621.0951089,0.082711246,44.51709929,9.437222064
43.5129915,0.722053891,711.222544,2.3617774,19.27035083,9.692661246
55.20239339,3.26765693,238.315288,4.538361505,40.22856726,9.518680405
33.29563104,2.903202074,755.8030066,3.86131148,0.304264763,9.888081421
85.11936632,4.470189561,96.74873644,3.103567374,16.03925833,9.744813177
92.90853379,8.037956042,167.9451702,3.867940511,12.66310041,9.763665945
28.76034625,9.83830193,114.9447562,3.72303659,37.25090073,9.587236171
20.94096894,8.823313117,89.10436651,3.58431509,0.017043124,9.969978163
71.0882001,6.185504601,378.9276806,3.250316121,33.31977863,9.557821246
61.22341283,2.015638305,307.8913601,4.372384859,41.7758193,9.490229258
33.65037615,9.884519678,946.9114597,3.56125712,10.29579027,9.768700575
23.14181489,4.771105425,74.83832364,4.490358589,20.41118463,9.765262506
35.70408648,4.533443028,922.9267678,4.554785718,12.82386899,9.743764547
54.90697161,4.326683418,45.91842026,2.622878574,38.377758,9.556723606
77.28321044,7.339528457,203.4113455,0.366042296,8.452393694,9.817851718
0.991493794,7.55786459,204.5661902,2.177197179,4.630565139,9.932246236
53.83740185,4.084423018,273.1312369,4.75013391,15.52083994,9.763641075
66.96724335,9.637777176,697.9864427,3.436935968,39.16947396,9.471539373
64.9937666,4.091550808,233.9895935,4.78337484,32.28654143,9.58874186
0.697296549,3.759875722,41.19209853,4.286359511,11.03817066,9.884801787
53.91071495,2.006285853,638.3763072,3.259411373,38.23839229,9.499867731
52.57998827,8.325529469,761.9188875,2.58379357,42.61829427,9.44504518
12.27107957,1.402465299,989.882225,0.653937284,31.5342158,9.57339854
63.90124001,3.87077556,435.6518076,2.585091929,23.83595285,9.654174051
63.04267518,0.635222483,229.5569711,2.834366802,28.13123616,9.632689266
24.15473078,0.929656024,209.5514887,2.648247624,19.10567886,9.763833332
29.58159928,0.484316914,52.63604942,4.063361793,27.48974914,9.690257304
93.33941334,2.45712263,138.83838,0.150275084,29.67483889,9.59602836
59.35444522,2.152123736,408.6040492,0.598666316,7.373421387,9.826050936
63.11455018,3.155149457,302.2001188,3.0003564,12.33398127,9.783325625
1.603148573,3.055125133,874.0028079,4.378674148,45.93216254,9.451674945
19.32782746,6.698455286,492.2045957,1.315843239,32.18488607,9.609602852
61.00210749,1.448386825,760.9714997,4.553206181,15.44942933,9.708406449
9.917118259,3.634975495,849.1201302,2.311350329,38.19610616,9.523209807
58.53704185,9.757602077,557.090061,3.913449863,19.23527939,9.693401158
44.90946776,2.702796114,253.6561977,2.765142963,33.56035227,9.59412139
3.577762212,0.391407251,27.84327986,2.666001587,29.16118782,9.702026032
54.91201046,4.840056036,560.5120363,1.505013486,45.71922954,9.43184449
85.09375708,5.007780643,611.559771,3.048818479,12.04211461,9.73332912
15.94223925,8.899456186,391.3952947,4.543768679,34.67145424,9.598203689
73.16308806,1.826760763,887.7185295,3.969769087,2.924041386,9.808824645
89.95851206,5.453949405,696.5831803,4.132126926,11.51640432,9.725219127
34.32710454,8.067420394,371.2153475,3.269728999,40.93948632,9.519156498
77.48093424,6.047124495,924.3466901,1.489254796,21.42966289,9.615787768
77.26878981,7.618928267,659.6082784,0.627934232,28.92310008,9.567539382
96.59010999,2.639228701,68.9728975,0.073836915,30.17183447,9.594794256
5.214644549,9.251087731,884.1839736,4.506044142,32.41223823,9.582244576
3.102604577,5.618435804,77.52094754,0.410704794,2.78439107,9.96130139
12.14441265,5.288357,566.8743926,3.884377789,39.16206192,9.539547529
29.82207961,4.446321387,508.5647916,0.026329993,43.86451773,9.480676264
49.79617449,5.791192183,231.8724805,3.880196016,18.07050872,9.74631149
68.43318882,5.158129313,844.2883808,2.658391017,42.1807743,9.42533023
32.97785958,3.500862748,708.4772088,3.457781712,5.559679826,9.840577621
30.8979584,1.286992833,233.264822,1.860352646,49.0140009,9.45563555
37.12187453,4.471199704,76.39928695,1.856232727,15.13248831,9.803913314
36.59743525,1.185294357,656.8995296,0.388374969,34.81283891,9.549584223
23.5939115,6.968281206,448.505475,4.802163103,19.49043943,9.736651147
81.79133159,9.391723988,37.34155525,2.998234469,12.99309718,9.784543541
23.42354033,5.114888344,940.7987264,0.309623359,47.95683136,9.402928273
80.65929359,9.002079051,50.35693348,1.503671109,6.111391419,9.853191099
40.15472214,1.73551807,69.13690692,3.234835183,26.69977946,9.685933793
88.1954027,1.560405963,347.8767383,2.913623531,4.048481043,9.836532113
89.22531114,9.659244346,538.1835342,4.139555213,24.58420138,9.611114322
9.566664723,4.019207697,525.5502375,3.66166088,6.763936222,9.870238949
44.02306615,6.956518971,632.8876932,0.42018437,16.82184308,9.724469734
4.784907176,1.496172651,209.0261508,2.075916768,25.0420376,9.723892102
82.28805309,7.777013137,499.9643717,1.547279137,6.644298469,9.801272525
88.33734843,4.562804741,618.4689928,3.477415888,37.24685652,9.477347187
82.34104746,4.90569017,433.2482239,3.764546118,18.06749955,9.693659135
5.458695078,8.159452935,653.180247,2.295527972,49.0146865,9.439076415
67.61970645,1.339247299,350.7737213,2.674972953,39.619064,9.501112281
85.23529058,5.913089121,77.28450206,1.874799694,16.90279914,9.738008268
88.01850837,1.535379669,263.5278965,0.236420907,23.29490813,9.652679621
16.14419471,9.765247127,431.4327519,4.529542739,10.13021167,9.839410413
57.15847304,7.410890601,794.7943346,3.327625867,49.9509931,9.363852163
71.62921983,6.117607145,874.7933853,3.591089147,6.515557676,9.775735865
76.90098652,1.506704038,148.6737811,1.452299982,37.3289166,9.534942469
58.4311589,3.460495619,800.9648519,0.47021929,14.86195064,9.71285285
84.8251417,3.624055238,326.2573414,2.675651163,45.42906893,9.428258435
96.20895187,0.792786148,948.4697652,4.803876046,17.4685491,9.634258581
1.807865874,3.528133788,770.4602911,0.612587729,12.23636954,9.79878241
11.96066634,0.341640481,837.6506292,2.984097636,43.8357883,9.465916388
12.33763815,6.800467267,575.045411,4.188956074,24.01808315,9.689976989
28.74801491,5.081824397,477.1762575,3.430617961,47.20788687,9.451455491
36.66115091,5.708047439,355.2047632,2.788899772,45.63008984,9.471517474
32.95308123,9.323819011,768.6721473,3.633414108,40.28777902,9.487301914
54.3930219,2.057060483,989.6900592,1.416357894,14.16108465,9.705027126
52.7610382,4.112104726,86.83861197,2.292552716,16.98119225,9.768743178
91.46766247,8.941497657,605.632764,3.563575962,29.40429366,9.553926125
23.10205203,7.564764482,271.6315758,1.828146414,42.14525942,9.528282196
36.50479942,0.481487889,23.78174733,3.656187766,2.263079659,9.938486229
99.57130484,9.927985609,419.5929442,1.237900131,40.37980899,9.454671311
73.02695434,9.40042577,217.2426844,4.73866894,29.92911342,9.605957643
55.27839174,6.242892941,270.9760882,1.854874568,44.2183294,9.475440705
65.83213052,8.642149194,286.9729876,0.366852501,6.75782559,9.837892315
25.83181322,4.942519479,191.7544073,3.392921852,38.90833432,9.565909403
71.30752135,7.27834349,570.1852405,3.722363616,44.23892125,9.429284742
63.90404397,9.433918407,559.9473708,3.337378302,23.7957224,9.642143995
55.10023259,7.545246011,998.3396267,0.238010069,27.34143875,9.571651417
40.93799687,9.294511752,154.916201,4.118574418,6.520941105,9.878360972
77.28574641,8.927481972,746.5105176,4.747226918,30.01572126,9.547905989
28.09636617,8.674243776,749.7244758,4.192173521,26.45343715,9.632396815
84.22884263,1.151749551,919.6361339,1.129607289,39.27643595,9.431043185
0.098248725,9.297333914,951.6093471,4.680658902,27.4368107,9.63037271
17.71338834,0.752346081,622.2537879,2.666999161,23.6137377,9.683923856
10.23222993,8.745871078,727.8287693,4.372149494,19.50885975,9.721896296
61.63405666,4.794221532,983.1986685,1.949910364,40.78016666,9.43224441
58.97812788,3.146405902,411.7955765,1.761665344,38.24834508,9.517358864
66.65101226,1.162284657,773.8869725,2.306740345,16.32599026,9.692700388
37.38908561,1.300839458,312.3157422,0.866206738,22.88032283,9.702576112
52.7912746,9.900196237,768.8971683,2.644469443,18.71641264,9.683154882
15.90069086,3.792976866,544.5799175,0.889048497,44.99570252,9.479684292
63.91171535,4.050331792,794.2561365,0.67274538,41.88923267,9.437770344
1.89230944,3.950842727,558.7939688,0.839630723,33.49073956,9.607320898
96.1108781,0.809177168,9.235881994,3.541309094,39.66780398,9.506287494
41.62769571,3.459342096,351.6350739,4.192692257,2.890096631,9.894307831
79.61896159,1.416965472,820.8002022,2.707323266,41.79615354,9.420339483
14.60073988,1.446864077,215.0975479,2.587628632,22.15153129,9.742374192
26.16006591,2.800169599,766.0889088,0.389364035,44.90949694,9.448136074
39.4367007,7.530025177,154.6108032,3.944200816,12.71773197,9.817924899
0.246666054,7.771337287,590.2986453,3.357281872,29.93130788,9.641410391
23.23184911,3.291045601,7.413917407,4.560409913,21.94329119,9.756593847
16.80804641,0.004235701,785.1876028,1.718708714,14.22153109,9.762457882
53.14971897,4.925604183,618.882638,0.021062396,18.24326845,9.702529333
97.4582122,2.072050054,328.1530415,0.570326678,25.02001902,9.619526293
40.06722398,4.04383405,421.5284644,3.510473227,22.59565762,9.691823353
26.05808176,4.931166626,945.6889724,2.355836236,6.950584875,9.809867172
82.34514951,9.174788727,340.4901716,0.11034797,40.28529836,9.48075285
32.51011792,5.477399048,784.637731,2.383991599,14.61991823,9.742826927
85.66267452,9.230812556,716.9418488,0.060485175,2.157109617,9.821072044
57.77235638,7.758022411,141.4353959,4.512597544,45.85090003,9.469575104
79.21972718,6.485033646,367.3265817,0.463226603,46.94793499,9.414568265
28.43301888,1.829032138,948.0285196,2.984858656,47.74512203,9.399312909
82.95496706,2.909809966,665.93198,3.038837167,19.87376532,9.651714182
54.20635622,5.279000741,64.82289187,0.89781127,27.27837033,9.666527651
4.350310088,8.101371802,392.352162,0.37806739,42.06815218,9.535732952
6.859415652,1.685299389,766.6637658,4.668294578,1.72955279,9.89917868
6.049778785,4.826274288,419.883454,4.817037379,22.37146727,9.728247203
71.03074873,3.503984041,184.2655705,3.447830371,22.76321856,9.682910509
56.92433256,8.046552562,353.4388211,2.462596207,25.34268694,9.654304916
6.828588789,6.875126712,443.8777776,2.995818911,44.34778708,9.505305763
26.22322687,6.736873048,557.5799614,2.705355036,46.82422746,9.449776502
35.90887616,0.68329941,342.278892,0.030677372,41.13101954,9.518553039
98.89343721,8.12790563,793.8126415,3.226125357,28.77568461,9.533968452
56.77895599,4.053233406,173.3018755,3.264254253,1.258883574,9.913302021
23.17577285,0.042386352,499.1744985,1.782183562,21.35594627,9.713347315
57.33420438,0.760500279,262.7907372,1.150080803,44.31642202,9.473222502
74.12394351,1.858936735,838.3494958,2.463636021,40.62289469,9.43581216
73.15846303,3.616617417,601.7582297,2.997641829,46.00339841,9.40663173
9.61670845,8.395424168,393.6265794,0.702981132,14.30671681,9.807953466
17.42763032,0.892205497,261.5563525,2.223733852,35.65115991,9.599905135
95.28704147,1.881253297,90.5960414,1.979319786,36.81680117,9.527485343
82.54285473,2.018610827,332.367549,0.445187914,18.425497,9.69996542
32.49731838,5.552971517,701.826745,2.241429157,0.065951242,9.896660495
73.79678539,2.014931189,651.1915968,4.453669757,20.455887,9.656525185
3.086386099,9.322902939,292.6319058,3.642642208,17.12033525,9.796447071
84.16149686,6.520621937,293.0167044,0.682712497,8.168171895,9.804855114
77.76959768,1.012998593,145.7809031,2.95646542,6.325277453,9.844399537
5.340791308,1.940291946,291.6166657,2.006932493,34.72470374,9.618250505
75.80085254,6.271655563,520.8265992,0.322721949,22.77758606,9.644340627
10.61840363,8.31663734,292.5598831,2.018377399,2.915788951,9.930967719
42.21708272,6.448671436,496.9060359,4.116328635,19.87680378,9.709324276
94.92883643,8.279520523,787.1298232,0.767109797,12.02282625,9.706129919
34.96656833,1.805301561,74.73312718,0.129226551,20.62688937,9.751291225
3.78363691,1.749144008,921.2264625,2.492726081,5.167305628,9.852420661
88.65222358,1.856778869,495.0151564,4.214342298,49.40038327,9.367842428
12.64907787,6.983782693,77.06617028,2.903403007,38.55475133,9.594096792
33.7518769,6.068205906,323.5437122,1.553172413,16.62268068,9.767666945
64.85966189,6.179224558,912.8073921,4.096979021,29.04095252,9.553450074
61.60769781,5.5254958,677.6691433,2.122395331,48.24999849,9.388125403
1.235183162,1.532202371,186.7600292,0.737796933,29.56544038,9.68443441
1.859621836,1.019770496,128.5010606,4.030383644,42.12976499,9.563992622
66.09045326,3.923772238,741.9676652,4.251957204,18.60172091,9.673695571
67.41655588,6.936481353,379.8300839,0.177957884,24.12905324,9.653309903
38.27010519,9.105937259,73.44523641,4.925846587,34.49730675,9.609412304
91.28546926,2.137030683,659.927119,0.957702818,37.96248351,9.463096984
2.897592199,4.201373928,301.3809987,3.867664342,45.88576709,9.508106637
2.303550007,8.395344448,154.1176891,3.297483655,32.79258536,9.654358827
67.48640321,6.928580066,921.7663069,1.559886459,21.85533529,9.621783613
61.16721524,4.979883062,435.2310281,4.472902089,40.16146762,9.493695006
50.92437681,3.162207455,735.3248807,4.238128979,15.39833575,9.721559778
92.4725357,4.234669048,321.1404596,3.069496994,7.053840046,9.804875018
91.12405953,7.91333309,120.9846678,4.584499595,43.82891928,9.458488281
62.868203,9.343728811,773.5151953,3.447793767,44.02456842,9.419534593
29.57165612,2.958150285,81.36459054,3.844668033,44.28097536,9.519482131
69.43765012,8.63808701,868.6618918,2.275220427,35.90202869,9.484675874
37.69514955,2.839658038,962.1370945,2.110084365,42.94660463,9.436625095
60.27432511,3.475255282,378.1619896,4.203512891,9.971247727,9.802196999
45.74286792,0.649465516,257.9654981,0.68203368,17.13617406,9.757098842
71.56334639,3.768754213,458.9672611,2.367952259,30.21235184,9.580416409
16.22044354,0.827416572,946.9115019,1.441373119,38.08198659,9.50826854
53.39123991,6.844644166,46.01432317,3.404946662,42.19285858,9.520078742
76.31740374,5.470655763,37.0782666,2.467077096,13.55333162,9.784441453
56.17904307,5.786566453,395.7836289,3.765784094,17.44368913,9.729805703
22.96203941,6.270703484,94.2392518,1.560515416,20.03219391,9.767292096
7.563890364,0.917593939,544.8334093,3.56141306,45.01321453,9.487820623
88.89808165,3.916321295,617.6435139,0.561600061,4.447193248,9.804865634
26.1031917,6.675817686,118.3430351,1.635732929,49.79686844,9.46409382
24.82856843,7.587279513,59.4982932,3.563435056,20.92460735,9.759975529
65.75585991,0.205735958,764.2609923,0.821701886,12.54088447,9.732409196
71.45072062,6.076560043,254.3906141,4.218571518,2.827564589,9.874834572
20.7723864,1.791208843,43.44724109,2.993152049,48.82849307,9.486597959
89.2388734,6.61069845,241.3687345,3.786163256,46.36488832,9.42297537
67.35764246,7.553831934,792.8222632,3.151041036,23.60849041,9.617275227
52.32483057,9.282778334,978.284042,4.209313212,17.85163153,9.67133045
54.63705647,0.692217345,237.7690235,4.284136007,2.469681126,9.89688923
61.39983436,5.784485965,24.88626326,0.681040518,29.51313073,9.640980232
53.73919334,0.303748466,516.0443843,0.108727247,14.55322354,9.749124133
24.5215028,0.752867863,673.7061235,2.144828104,12.36762875,9.784431597
26.88210432,9.104237403,550.176013,1.268513504,25.64701022,9.661630192
37.87156594,8.953467695,227.1894027,0.825635402,44.8691892,9.490717602
20.89743036,0.022641982,498.7864182,4.49581095,8.926625609,9.839957672
83.41315893,9.535682371,860.2024294,3.893204575,14.55075183,9.68505908
34.21259623,1.570787,512.7796965,4.138156884,24.83122332,9.666197201
82.33579335,4.799861277,348.4753578,0.635508979,0.639354705,9.876423124
35.30924892,8.220555985,345.9847227,4.094875903,34.50332657,9.585059013
43.93221356,0.426513816,709.5221677,2.838375781,23.25462701,9.6525693
97.61286947,7.483935682,345.0017041,1.703023473,30.73448888,9.560542071
15.4885101,5.414085985,557.7464434,3.295383546,42.58263668,9.502910479
65.95103586,9.036528591,21.15272251,3.028978909,1.551682746,9.916416864
84.07731078,1.269430075,492.5281758,0.536573151,32.1496157,9.545173715
54.87717767,0.399472898,750.7774612,2.658664809,22.64369156,9.643608161
89.36917379,7.844481566,871.650454,1.021122771,24.54676543,9.577998126
36.88460105,3.184883499,301.8983932,1.41355602,30.40583639,9.628867196
55.00180775,0.615505741,311.7252898,1.756804392,5.676343403,9.857062229
55.73454159,7.150437178,136.0118692,1.218550421,24.38131471,9.686851124
17.54625346,8.89781771,297.7252118,3.791176806,25.89664152,9.69371481
59.91064043,7.047807626,180.2516396,2.657858463,12.64198456,9.79564435
10.91230642,8.493371919,329.8511124,3.839503031,36.15294465,9.594573136
59.51443871,6.111450545,515.8694901,2.011998057,1.166124519,9.877237367
59.41194684,5.470827239,720.2319439,1.22626523,22.83047066,9.640260152
72.9947484,8.505541206,523.8015681,3.065693765,13.89178389,9.735707256
45.37216916,4.961744802,142.966052,0.345793523,9.290489691,9.847426329
83.44613639,4.795780922,118.7323177,4.788415745,6.825323082,9.836427401
58.0769631,5.393666945,209.9955665,0.667816847,46.03995525,9.460523928
12.33131737,2.940820969,555.1932575,3.508167955,14.33489916,9.788800365
3.71959256,6.24781702,542.7557812,0.288441549,27.72783223,9.664726507
32.72051473,8.104086763,354.6239935,2.810205228,25.98924283,9.671924658
94.19720727,5.932378951,650.8195132,2.129967756,6.784449143,9.77287635
47.04634398,7.231144035,510.1511585,3.022745789,39.87101791,9.503228361
0.827861611,5.534285842,717.7607608,4.849009002,42.34230406,9.503973022
77.67604615,3.299872649,492.8490438,3.192468201,47.48473601,9.398191689
99.39356069,7.918402764,604.9395105,4.97920474,41.81634097,9.421949079
51.59239945,5.304925309,320.3789538,1.672652625,39.81462484,9.518223457
20.02819047,4.961490565,661.4772033,4.332354231,34.32470774,9.570577012
22.59264903,3.665033081,237.2772214,2.302618901,1.741137586,9.936268253
45.19190915,1.086078333,606.1125971,4.076930249,43.2045898,9.462150933
93.59301308,9.742772377,45.63729878,4.512718916,27.07399653,9.631103292
81.11755523,4.264647489,112.84746,2.560431342,26.2179973,9.645417726
43.57036959,1.213313887,35.73137896,0.182700274,5.627083906,9.896585653
2.814310134,6.880236334,937.23861,1.056255966,43.9189836,9.464271993
52.42687951,0.757004626,873.4763175,2.36091102,47.97873294,9.380438159
0.715300322,3.382351925,204.6740934,0.085456265,16.89337983,9.809883492
49.67018555,5.235266378,779.6124762,1.604487031,2.447855255,9.847890014
63.74701515,9.086186148,587.2626293,1.183952225,13.28228204,9.744703902
35.88211102,8.709667512,828.2257183,0.417256959,7.226946403,9.809025853
68.98572137,6.728563519,880.014387,2.306694326,28.29088355,9.560104004
87.40743814,2.845242442,744.3384374,1.216575538,3.59455769,9.802213141
45.03939909,0.185933632,735.6737468,1.239770131,44.92457797,9.432147447
2.488777917,3.872897209,411.8977903,4.946669503,19.83388532,9.75798259
68.88393995,0.138024871,538.6670049,2.080083828,12.38278436,9.753421516
49.30256326,8.860646887,875.9414928,3.352218038,17.63326844,9.686770603
77.44666509,7.736108155,890.8308169,4.53165374,15.32626475,9.680207606
54.29267025,5.775115131,200.6088058,4.733991931,34.86068649,9.577039584
76.28968101,4.645409809,866.1336711,4.329516742,3.4308435,9.802788517
84.35367206,8.502025173,825.3901074,1.944877197,29.12485182,9.541858799
55.46627315,7.504549333,982.4607954,0.30425122,39.47845852,9.451503062
41.78312245,3.751799922,593.317418,1.030050563,43.46839028,9.464201233
5.273229476,1.03354891,813.8340675,3.453368776,36.57193964,9.547623967
38.03049854,7.130779883,306.6566638,3.909949367,6.762589264,9.863677942
92.73656447,8.603160481,1.017639451,1.936520628,13.73575263,9.769804145
77.7136009,1.807256259,278.0154122,0.329314946,13.08136433,9.763671215
19.27987572,9.299806403,806.9732008,4.696389605,13.29679214,9.767054883
21.0450255,5.697984798,636.4054449,4.671585576,31.08150272,9.604499403
24.69327422,4.62803798,381.88671,0.537278933,17.41327232,9.762985332
56.44816081,4.832198673,159.2407171,1.089896758,47.10687005,9.456559067
19.02269075,5.286553283,968.1470057,3.804053422,37.47165762,9.509446032
72.92631241,9.552544513,913.9677965,2.198778024,9.279710868,9.742879799
22.10327564,9.278406588,991.4298894,4.928725964,14.83928863,9.730360849
5.191971586,5.900228407,880.7061508,3.61782854,27.1059804,9.635677609
26.40474461,0.110049102,655.9371707,3.556389051,10.62314669,9.801770071
77.19351395,3.996280559,890.6572481,3.784288202,4.851163903,9.785229122
55.60109962,1.630042364,565.879425,2.856589105,14.66429111,9.741168047
60.12828993,1.266819132,815.7364225,4.012360955,33.4891891,9.523406177
13.45336133,6.602063781,375.2597749,2.714188136,20.9289806,9.739730855
73.60364244,0.404129678,164.2033156,2.160228586,30.05176106,9.609458415
2.154171179,7.717597696,203.754983,0.374372012,34.81312655,9.629339065
16.56249303,0.68114237,60.54839398,2.791797971,25.85188294,9.718863838
51.94402424,5.891370445,706.5858155,2.037871685,20.23436361,9.675053758
44.61191856,8.776996722,780.2873424,3.780031325,12.59365174,9.75142283
5.040253175,0.217201397,669.6379621,4.951243364,37.29054655,9.555090485
34.64675587,0.672867298,476.1389744,3.204419093,22.9224485,9.688514862
81.07306521,1.901413339,887.3481,3.415141946,48.83717855,9.341820339
30.58548625,7.831234881,330.8791727,2.614724034,14.35982977,9.792728299
10.32766714,1.229006504,366.1973822,0.074981048,46.82487655,9.484803829
52.47678872,3.800669405,940.8966978,3.668551803,15.5845543,9.697587998
59.40313135,5.552748772,409.2881071,0.028923179,43.06895438,9.468978514
55.70251248,1.122748028,230.5514139,1.665560314,16.20365403,9.759205806
24.8751123,0.009730444,58.99900669,2.848654627,27.46570099,9.694567977
71.06690542,6.032760905,188.1039289,2.702832112,38.06998834,9.529422818
1.792085416,5.731551002,683.0448701,0.337061468,15.73633549,9.772540073
17.83832188,5.724104021,825.2404982,4.191489247,8.099978101,9.818637847
68.86204095,6.314354869,230.7604899,1.198746945,29.78361856,9.610225724
9.69670245,2.85927081,666.0875091,0.354457226,48.84001681,9.435294379
73.49642763,5.987435122,542.483738,3.174283057,39.49194502,9.477335748
12.65688051,5.122692152,63.35899035,3.641003885,29.3233882,9.687773338
65.60437342,9.436534061,449.0435546,1.597585442,19.01050178,9.699386253
90.62013304,5.761964792,981.0131261,4.775073273,29.90774604,9.512201094
36.37914347,9.027086056,446.6351378,3.58308905,23.61925647,9.682764778
9.004393657,9.072373467,74.65359088,2.535582435,31.39826323,9.669547615
95.63702032,1.697541607,292.8216935,2.327390667,42.82034784,9.446877332
1.124645889,7.710080607,566.5565186,4.38442406,7.367065465,9.868549048
85.25890389,7.99388023,780.1508335,4.747861182,23.64567553,9.600269257
38.16533065,6.33466551,105.4598104,3.384065817,16.95113602,9.781777328
42.14090891,2.176738607,877.318826,0.542120843,0.512430523,9.865002903
96.48148567,4.332743396,607.653659,4.761537162,23.93524946,9.603400654
62.89912579,8.156288564,939.8443186,3.765919407,5.122805211,9.79188839
32.0595056,2.498668711,31.07278761,4.26961368,3.713039554,9.92770282
13.62982789,9.194539888,461.6000837,4.249426325,44.98548483,9.490355315
9.063385468,2.95001809,791.0830529,0.976543682,21.33151638,9.698513145
99.19061864,4.119828495,430.2459843,2.048495439,43.77997076,9.419985075
53.50292167,8.175914622,919.9270371,1.834619349,17.90885531,9.675415822
9.327576427,4.110646586,965.5843698,1.65942056,16.00273273,9.734086659
43.56770846,8.862804823,521.9258253,2.209905109,1.356868901,9.89067102
26.04868931,5.639315419,261.1840323,0.269087346,5.351512081,9.894317787
35.53249686,6.508771547,973.7041178,4.382332438,39.77588098,9.469338282
2.516459066,1.072700924,692.5017488,2.626026417,37.5934141,9.552299225
28.42153175,4.984429894,271.4692234,1.364651494,35.46298913,9.589801655
20.28597078,1.365555312,76.34447505,4.417506845,42.47988839,9.547280698
84.10396731,5.290410693,51.80510516,1.34491834,7.141411,9.839301412
16.89949569,9.426869715,794.0810408,1.843008388,10.15123507,9.80218005
92.70177833,6.085401695,916.7546436,3.561227215,9.455477439,9.721067983
26.76793528,3.097829046,440.8948334,0.930205162,8.772255272,9.841420029
7.011595752,1.993259903,374.3161741,3.711295937,31.20414297,9.643515357
40.35354423,7.111983691,225.8243475,1.694888515,27.40109051,9.663053116
49.26883407,7.830713542,227.8682426,4.321488536,40.7860809,9.520083533
40.00095977,8.738403066,635.5152462,2.752606419,29.35490942,9.602898421
51.44872985,6.474512894,434.7154812,2.268408615,11.40347247,9.791044997
51.19601688,3.039030198,356.3613265,0.519242121,28.67250424,9.626442808
97.90812929,2.701225969,885.8286031,0.10032474,21.75201157,9.595988895
86.08886348,3.021346699,169.3476738,3.29425147,47.48233686,9.422153
62.8303453,0.903075361,749.0908725,0.02967529,27.09315183,9.591329049
84.91236915,4.297568402,219.6090214,4.384715255,7.730904112,9.815817688
39.80865769,4.60505558,31.46783049,2.625487036,30.15462058,9.655498353
41.57180823,0.351050987,110.3055022,1.961355043,21.2005671,9.735391971
91.33955226,3.724801214,724.4615155,3.076822204,1.923083401,9.816983462
46.01485715,6.725455997,309.8672228,3.680119718,46.74364208,9.455562
27.04485656,5.876840655,13.99592663,3.165049875,25.56167806,9.71593877
38.07754197,9.040274891,940.9761468,1.695057546,26.61194082,9.601705435
8.949601299,5.322328334,879.7201544,1.002916234,2.407327791,9.879005105
39.23830536,1.996938578,286.8429083,4.628929864,43.74606078,9.494616796
33.25081533,9.0156041,840.228551,4.900933369,26.34339402,9.619292389
52.19092621,9.442711362,881.7342296,4.782932064,17.38529893,9.685782662
43.94299501,7.945426567,627.496345,0.263697889,44.33040906,9.45000328
52.96178096,4.009951572,757.986211,0.512721612,24.05442165,9.630695381
56.55310878,2.930878275,783.1521874,4.689790144,31.55412293,9.549590443
65.44661517,9.246958866,518.1876235,0.639071892,42.13411277,9.461393495
94.40396039,2.326006235,206.2859272,2.661603159,14.95588145,9.735408632
84.97537002,4.584462702,234.3529602,0.003165877,5.146791316,9.840121421
35.73990421,8.820848957,370.3713878,0.675104251,47.18388693,9.455384088
68.57727589,4.162737171,704.4614483,4.532185769,8.846994926,9.77250663
55.55112408,7.413584323,979.2596281,1.045381432,22.89899327,9.61753298
13.75145314,5.714773331,515.4119932,3.399518475,25.87573311,9.675950016
22.72499103,4.428366727,171.4748359,1.055750723,16.02913935,9.799836132
85.14252422,4.851016529,15.0712765,4.772926512,6.295602085,9.850394327
88.54325157,5.56884004,622.6652637,3.399999277,20.11455061,9.648044716
36.45417498,0.343890601,960.4338459,4.755351695,23.06994659,9.636802974
50.71532373,3.362234828,187.7145623,0.41783799,46.97044582,9.460808762
2.090879667,5.122961895,680.6733217,4.54419171,35.36266679,9.57621512
38.95081264,0.470983726,54.71443131,3.821744015,47.1070143,9.484507601
79.48505044,4.483895346,339.3566959,0.93705611,27.12735383,9.615305742
42.85079631,6.845857691,829.4543453,0.443422625,12.41374448,9.750066324
10.74573556,2.293978476,198.197617,0.297843831,2.921981204,9.940214691
13.12971962,4.859145871,285.9047074,4.36932841,2.292735611,9.935352454
37.44454609,5.058650395,797.7107357,4.669316339,46.4967291,9.417817089
85.0506764,6.687489037,348.4619271,1.305660359,42.85773702,9.451525761
56.94245412,3.007672727,693.2826065,4.356383162,21.20548986,9.661674387
99.2066508,5.55435649,892.6243208,2.43836018,17.05761598,9.640954757
16.23171708,3.740446353,541.2581174,4.029136738,5.256193428,9.877080537
63.22218171,7.821606011,633.8993834,3.488591067,39.9676227,9.473711653
87.9458691,0.731401943,621.3536603,0.700390554,10.83687378,9.741550027
4.970954504,0.409102878,48.3140793,1.958601779,3.653302633,9.953664611
82.04391232,9.051090878,300.9464013,1.623931412,19.59245002,9.691936947
44.47431915,9.615408811,256.820779,0.670515948,1.119523505,9.918648368
4.15056197,8.391829466,312.3480257,2.422807882,24.80275014,9.716587134
41.10051844,1.507538336,682.3788338,2.536449174,8.693396734,9.803727631
75.1115677,7.943850609,224.7468251,0.451447657,40.84426722,9.493971078
51.40845572,2.639494681,196.7433339,0.269070549,15.82125785,9.770704632
25.55911909,1.668855065,444.2045992,2.86417226,2.919786614,9.900822555
63.10178062,8.968084199,323.0168643,1.207576381,5.291829558,9.851678237
37.18754565,6.777268098,115.5979466,3.915072635,33.8591758,9.612660902
38.77990746,1.747697999,403.8132926,2.455798647,7.076516107,9.850073602
28.81553855,0.067203822,7.647856338,3.466207193,28.83245295,9.682095146
73.43396951,3.091539825,600.8709917,3.588537097,5.088539004,9.815593541
72.38813095,5.513208634,166.7343808,2.019875491,2.160468361,9.889333747
24.72740912,9.147291857,917.5475402,3.987756093,1.134529423,9.872172543
78.32314271,2.604980082,434.1480268,3.115953183,22.43691729,9.653892882
4.06152926,9.239881866,32.4209915,1.161307084,19.13348777,9.801361494
93.97630104,4.803814719,218.5775949,3.936984529,30.44911265,9.579674813
80.76040163,1.928287558,336.7055596,2.474575018,26.40830501,9.621485992
25.35926654,7.308723558,44.6301131,3.789088637,25.57300524,9.71444767
89.79876603,4.300904453,25.31446067,3.236838148,3.777068211,9.869899106
12.75723452,9.935332166,679.3371156,3.300378519,16.76407293,9.751668325
54.18424754,3.840919166,445.6026984,1.14294556,24.87727015,9.652482781
3.440112467,7.228476264,709.6732558,4.029215057,3.128192761,9.894310634
53.84075547,2.817000984,167.9273438,1.272816371,19.31567728,9.736209737
31.74574758,3.560816037,110.7013495,4.797059777,29.86690222,9.658515095
0.608550644,8.74178195,202.9923366,0.808010535,25.0078723,9.729013493
0.180883129,8.342813856,86.62279627,1.156472536,16.74888366,9.823668001
33.96895709,7.217375514,140.1197871,4.480268844,7.751557063,9.874503494
67.71912032,9.817901862,739.1352718,3.815217411,16.308283,9.695284523
59.42832638,0.170841903,661.8529291,2.966349028,30.81388125,9.566247568
82.69439644,4.941752707,939.2117992,2.671688378,14.08301603,9.682554263
3.18346025,7.756223251,126.1019897,3.902960706,30.83341265,9.675872214
47.43181812,4.804585332,92.65807393,1.113903527,32.1423609,9.621878766
87.30982056,2.372026991,84.77694558,0.745174296,12.48792788,9.779333206
3.242375388,2.540107607,310.1580231,3.229414594,40.1775587,9.563966235
45.7092778,3.33031402,392.7492657,3.06574793,0.487511387,9.910140682
30.44771435,5.511128406,848.8222668,0.375339024,46.9574953,9.415095106
26.29213049,4.793130303,108.9386895,3.932599729,39.19629734,9.570851027
92.23763424,6.128077328,927.024295,4.114930038,20.74875375,9.607572399
91.34925486,2.916652117,445.8383764,4.114396644,30.73783648,9.556688543
33.11899,8.946976028,7.400140083,4.255447914,12.47299637,9.841411032
98.38297805,0.407359217,146.9518074,1.353693945,6.591233835,9.821009503
30.15539536,5.837473068,127.86826,3.521032368,22.00686326,9.736989146
66.92694171,4.003410565,542.2451428,0.849299898,40.97774415,9.469071102
72.23119929,2.243572892,232.4472481,1.145212028,7.508978364,9.829434292
55.29735462,1.910620013,442.4456158,0.776321843,28.89503369,9.611507747
6.382402305,8.211695615,342.3968642,0.500756633,24.93026205,9.710075291
89.98898579,5.221628817,618.2678514,3.692763508,1.624492339,9.831939306
81.87377554,0.532373649,103.3408509,0.492026492,47.98885108,9.427903629
53.15526023,0.01292873,915.1542918,4.798861088,48.54402364,9.369889074
39.22741545,3.20835091,666.1103697,1.59152289,27.92570606,9.614904487
10.0412836,2.842362245,911.8325547,0.102806897,25.17713622,9.647004099
17.81152134,8.500844633,524.1834939,4.810754225,25.93734706,9.670396659
29.0427215,1.258260891,12.3696113,2.362896624,29.3303322,9.676416995
15.99601266,3.378093412,380.6514616,1.759164083,29.77850538,9.648153787
52.35511307,5.010975075,267.6847518,4.012588494,48.89803017,9.43189611
76.75666873,0.956629032,977.5304273,3.353698482,4.198168978,9.783508599
96.90675404,6.174260105,24.90306496,1.122681808,25.96411892,9.64096175
94.36006915,0.505885761,452.8289816,0.452669598,20.6882604,9.653474429
13.63652661,8.276996295,309.1936818,3.83161395,5.663156759,9.898812538
96.08985957,5.608233418,236.9872898,4.010823165,28.86761366,9.591535275
24.2746826,6.611842261,632.9399233,4.808243391,35.92669061,9.553164419
66.40256097,3.118291667,776.2730977,0.435295815,5.85631014,9.797407028
18.07177562,6.069290553,191.286751,0.000832207,29.14289548,9.671370595
28.38696347,6.388241779,479.9608915,4.316399453,1.1775217,9.91184173
56.70140341,4.741310335,675.1202069,2.845923761,47.93098461,9.39647673
25.15853738,6.732455374,793.3908766,2.62374521,14.02846561,9.755217719
35.15851761,4.547060999,108.5210987,1.593766691,3.485420823,9.919135164
45.12504804,2.384371268,567.5821057,4.328526275,9.9186319,9.798930422
38.0744871,1.318554308,486.8112036,2.341117771,23.95420362,9.673702356
98.79736687,0.233480094,349.6795766,3.27499592,9.725280765,9.768981868
71.69071222,1.277222062,450.0734498,3.343061073,5.830673872,9.824995204
91.83879594,3.539048328,878.4605097,3.644237527,8.710334585,9.733211807
92.62450403,3.152118302,489.9767713,3.594211304,46.4330508,9.394047311
31.54973532,8.750970886,146.0877681,4.409116581,40.09101789,9.552931309
32.79339702,2.883667328,751.5750715,1.617878843,37.30195235,9.519029572
65.83308941,5.978009505,282.286151,3.216646134,25.92474146,9.646690881
2.735103593,9.119213539,488.5238915,4.389332434,0.843337902,9.939979128
78.35412419,9.540073018,337.6835278,3.022778535,0.095195764,9.886925565
36.45000551,3.699848792,910.2797645,1.680015234,38.45397164,9.487982302
88.33754045,8.935058336,434.6731212,4.819684084,48.67667506,9.381428397
82.48710981,8.928929701,84.52742182,2.154239342,19.26185259,9.716441622
19.92765443,3.257352371,258.2508916,3.194501564,15.60650267,9.79818223
29.84419855,1.712024909,246.889169,2.979943547,31.6737347,9.628729538
42.30658165,6.982668545,165.3204174,2.76636096,33.35660407,9.607595336
63.56876282,5.255000609,122.7006804,0.338880559,16.44346376,9.759726532
42.19238245,2.022395449,245.8913227,0.007690867,8.235379017,9.850864695
4.615550905,4.925069844,708.8711855,4.008425562,32.29595067,9.601537824
26.7076358,3.903041733,495.1089285,1.469557092,29.34030335,9.630378438
49.35682099,7.944805173,901.9329153,1.91133266,43.88926786,9.421557209
53.77677089,2.633265793,877.9092891,4.637150879,45.15435403,9.40688876
44.55425386,5.387080642,156.2803523,4.689474463,1.780004241,9.922017668
82.37561735,2.032184062,313.465172,3.571467467,3.303829619,9.853239569
77.40659836,0.528950705,828.5897502,2.509635751,45.90173572,9.380717069
55.83712058,2.184480111,235.3305452,2.340393516,49.60264332,9.424603392
36.41603013,8.11889623,575.3325773,4.692332495,37.5226343,9.530824369
1.809378024,0.974180309,169.5106456,2.442435635,41.09590104,9.570280547
86.55620713,5.24614511,613.7840962,1.147076353,3.994518068,9.812120203
6.940205343,1.059786335,311.208719,1.820274159,43.22120823,9.52972684
93.1910241,1.561278725,716.4277285,2.832213031,28.20614262,9.553104777
53.02211073,0.885148584,162.5356515,1.704660609,20.53740827,9.725350241
2.038229325,0.369313636,93.71394457,0.328284325,46.63364101,9.522253966
21.91523569,9.606075243,73.09468228,4.148524288,29.51648026,9.675610493
39.97659012,5.111341052,993.3916953,0.738237513,22.52955337,9.635388707
98.99207483,6.442025887,990.4741062,0.565005556,7.610195809,9.725858556
28.46111688,6.313011512,311.2141881,3.146766621,2.528845856,9.915129006
22.27660474,4.422348547,472.8029768,2.277183166,26.64771453,9.663965952
41.77554438,9.034187865,806.3009154,2.114712249,41.10789925,9.466515372
78.45040184,5.371900353,566.9411865,2.396369123,27.51693419,9.589686138
51.00743307,2.761055884,339.4643479,4.871888042,48.63178699,9.428728262
7.44903895,8.404789955,844.7395175,3.289382279,45.57591425,9.452317867
93.8033555,3.580405808,933.2229408,1.935850461,20.96937983,9.603180552
54.30724546,9.016539015,317.5571367,3.319943818,20.09668724,9.712970169
65.8854925,8.335959158,328.7531848,1.183670833,43.99227756,9.461316413
39.7036991,6.973363531,595.5078306,4.061332084,2.548864406,9.875256874
12.09209711,4.52022254,179.3786501,2.51027172,16.14741182,9.80849592
71.95445022,7.87536865,692.9167258,1.2402422,15.09389445,9.707814933
4.467750115,8.147763284,505.236999,1.495890138,33.79028554,9.607105695
95.91051779,0.825414771,748.0389686,2.178326319,15.96343415,9.669651244
43.59975002,2.017858044,192.813172,1.591730769,44.87340807,9.488384852
5.457466486,3.012639007,247.7152059,3.006399402,10.35372522,9.866233761
1.068053338,1.538539051,361.9336605,4.017344611,42.34592133,9.539279367
64.65987294,4.13849304,651.5558301,0.976284004,39.55353569,9.474649187
44.32823735,9.65474537,258.1108598,3.197203321,42.67695202,9.503091156
24.63008661,0.220096097,437.0260552,2.559368205,10.80204767,9.823646831
80.45518431,7.289539351,565.3490915,4.916018024,28.30751834,9.579934723
41.38709137,1.51171669,968.4299786,2.255020886,16.72757117,9.694494199
76.99538542,8.020381526,91.64815908,0.436677658,4.428915084,9.869550648
3.341748715,5.616723762,183.8997271,3.342230106,42.40147108,9.554253568
52.66716475,8.292111375,366.8573012,3.956395879,41.67908743,9.493856231
23.57052966,9.902390661,724.166363,0.248497748,8.222658683,9.821786247
83.61804252,6.110604324,440.7915906,2.698042169,14.26765454,9.729626253
57.54224345,0.235544397,964.449155,4.999810087,11.34951689,9.732517672
35.72537064,3.284020981,247.8407436,0.547875213,34.44690375,9.595021518
33.42821182,1.954984683,532.4299666,1.870583695,5.335598451,9.859972807
38.61378587,7.124765923,580.9853401,2.315688698,47.18229799,9.4314647
74.23964124,9.444666503,802.6060886,0.770262292,10.34351288,9.742064621
6.607917061,3.967544599,493.9379919,4.948803383,45.20095835,9.4919887
21.25402855,3.985401821,514.6810446,2.863757588,11.8516591,9.808761276
28.85457264,6.157460204,337.6791277,3.598605679,14.91765195,9.788200995
21.0421029,5.376498888,106.0048825,4.673575807,11.13784148,9.856978994
46.1616753,7.156602058,604.3575548,1.456469674,46.79411797,9.425461389
45.63174376,6.813062381,145.0572693,1.311478875,8.169216064,9.858170369
61.31131787,0.790472545,422.310072,2.040771748,9.1201891,9.805255784
18.15671718,3.282697095,517.643181,3.065526904,35.3909342,9.576169623
81.06955247,4.016355674,412.2538219,2.784942211,39.95223598,9.478182706
57.46026294,1.553410685,142.162332,0.386079382,0.146544093,9.926858063
75.08821271,1.552120372,50.59580341,3.515930465,20.3413183,9.716439024
77.52238164,6.567812506,428.1784261,4.922740912,4.795660107,9.831703175
4.875252814,3.310919196,963.3018523,0.066547126,3.007380678,9.868720755
90.10588654,8.893517074,829.2448922,3.433402555,46.29085466,9.364061078
64.9664106,3.303608921,923.9175907,0.683280646,39.29826327,9.449659198
1.177382309,3.685749222,978.5448328,0.574652569,31.66642104,9.584303924
89.56052835,2.490486666,199.2510139,3.919192423,8.398105888,9.806533311
86.98089082,6.434597097,870.1918224,4.903702914,33.42916636,9.491708263
89.2395242,6.886939176,51.01221931,0.312315919,9.706298586,9.808596268
58.74061928,4.754426731,662.0874301,1.544416147,1.976968848,9.855280949
39.30554924,2.443766585,349.4434174,4.742623189,46.91968884,9.456553221
30.90584589,2.866776636,182.3969361,4.650756178,11.59330858,9.834921375
41.99168768,6.963336975,739.5357307,4.963414666,6.812632458,9.815928415
40.12613851,5.658130952,811.999387,1.729713938,45.18013448,9.426872578
95.08354098,9.78442425,130.6602229,0.821553672,15.88274149,9.733023022
41.96588549,9.9760275,772.2180788,3.240148612,35.97343111,9.521077996
35.16034942,6.419541625,39.26752604,1.379322298,49.18660582,9.46904684
55.21080745,7.630408069,620.4698407,3.750972214,24.82881492,9.634454059
99.82106285,9.245701316,852.6247982,0.361194492,0.580551921,9.809110938
36.65646318,5.478128942,320.4444693,3.416859917,10.24966077,9.828802482
41.07014097,7.219480247,367.8129074,4.957027149,25.69670526,9.665181516
80.10074542,5.640941771,675.8843447,3.214802568,2.405437363,9.828256446
77.88829385,2.328074653,305.512113,0.625234901,24.16184707,9.649942024
44.52943332,2.990446665,992.5547322,4.582009432,5.256874678,9.803646347
73.90473274,3.370201033,656.4287972,4.374485422,36.26923399,9.497760048
1.948768173,8.8705749,599.6201547,4.286777045,47.35436635,9.464545553
76.9368928,5.011390228,149.416861,3.928278594,25.49714975,9.653149924
91.81814176,9.370425074,89.58696606,3.418387855,31.99824112,9.57924075
50.37350726,2.375940651,302.1093118,3.026118483,46.61200103,9.453295551
94.80683796,6.948900748,2.029909092,0.905700234,1.264868693,9.892341484
11.04436293,3.465665321,246.031166,3.570023974,3.748604268,9.926866478
86.85818579,1.477377161,460.999903,4.930842275,1.576898122,9.851272843
91.00173559,9.063950602,596.2205834,4.04693703,11.37971596,9.735579047
46.76661464,9.396616042,542.7505295,4.947932605,28.63459091,9.612612423
28.60053664,5.297959791,322.7039591,1.443901878,32.08253721,9.618303695
92.82053077,2.483664741,374.773662,0.92030037,5.509667795,9.814605425
38.67873445,9.174346969,476.5879268,2.254796739,47.61635316,9.437498941
96.46802635,5.158902961,691.123222,3.159567393,18.43923885,9.650027263
86.92885173,5.212560716,655.148091,2.133610561,2.063121658,9.826925123
33.65258658,2.947528921,128.3861439,0.701509681,44.80436386,9.50546516
66.64072927,4.381632744,814.2350185,1.619539039,14.91402643,9.702795505
87.2767118,4.726063994,106.4090085,0.060349083,36.92558145,9.532826573
66.28163827,7.825166595,4.942967448,1.420708271,33.42360334,9.598988032
68.52507968,4.923133399,91.84651194,2.095924232,28.11309766,9.641159292
98.87045771,4.303469552,656.1273605,4.245229512,21.99415905,9.615575216
15.49783477,7.899984667,941.1781776,3.408038348,30.47579576,9.58562639
88.00066377,9.245317584,273.5719891,4.12634264,10.75844795,9.777057658
22.54488554,3.942764811,236.4405188,3.945822133,28.33491307,9.670461932
96.83449578,3.513468228,753.7433121,4.408769427,31.37013663,9.514089807
67.91470576,4.130580694,483.0825814,2.900937152,10.78422544,9.775934782
5.592030075,0.756266522,943.3517601,2.98181699,0.268163807,9.897391156
11.90466127,7.907229333,326.1280683,3.594269495,36.30536347,9.592428897
72.15446564,0.229190372,266.424466,1.487496774,5.423031891,9.846972769
44.54948072,9.161784126,92.9205264,0.999953977,22.5812281,9.720346186
40.59966438,6.809352864,198.7407049,1.989793568,40.81055898,9.531420675
61.58051879,4.68630811,567.7242962,2.662205834,28.10140521,9.600632999
2.087219279,9.776503186,62.4443031,1.632353242,48.36554096,9.508012941
55.57995381,4.595889657,688.1372824,0.405018268,41.98325204,9.455773798
57.2891873,9.327730334,986.6549451,4.649016386,49.87856525,9.345259666
37.26809422,5.845491198,931.2188877,1.007646047,3.244498462,9.837165032
44.97942185,8.440227025,111.5715403,0.554348429,13.79471486,9.805916275
76.06291835,7.817897904,344.030941,3.45703811,11.66920011,9.772841986
19.05381552,4.67970627,485.0406074,2.652524063,1.796860283,9.914473521
41.4978368,7.531258038,267.4732439,0.379795376,18.85841403,9.743170698
57.33099332,8.535182884,427.2611489,0.634988237,25.65417706,9.643401121
35.61082468,8.192761481,511.7867028,0.94331572,1.585286689,9.897357638
15.29939512,7.297262824,985.9156852,3.621612682,34.20510751,9.544057961
19.55560492,2.906343584,43.51123243,2.63963655,14.37916345,9.832301637
59.96938506,5.091979157,425.5484644,1.087332777,26.60287797,9.631446989
75.37536008,7.294159693,865.5801151,0.447370386,18.94875003,9.648579128
86.9966241,4.688279644,89.7778109,1.538283879,15.41593726,9.749866222
40.85579436,6.405301409,120.0934116,2.589067531,5.229723815,9.894837626
18.80475278,3.552013361,556.9374114,2.516436616,23.00285289,9.695472977
42.9210064,3.429879952,60.76141937,2.989515117,24.96855767,9.701317275
48.72064766,7.283603006,653.7942619,2.620362008,0.597275566,9.87992717
95.28565031,6.082797063,43.47041132,0.911982119,22.00772312,9.680290077
82.96597579,0.848460586,429.0257185,1.57074068,32.51405314,9.548990921
88.47027487,5.665619362,657.1680964,2.258151624,46.29103618,9.382902554
62.73683754,0.25704995,165.8365584,4.128687463,4.471093268,9.875968574
74.94879859,0.800129515,574.0082667,0.830121375,49.84991777,9.369151197
77.46991381,6.043709999,798.1742349,1.302502099,40.20170258,9.440695637
13.17998673,7.75177808,830.9471673,1.093628885,48.64678611,9.417257435
15.34759603,7.013361282,705.2753953,4.927266104,6.881817048,9.845306694
67.26179222,3.461449394,253.2462574,4.674366747,0.903458388,9.898378998
89.35049167,3.447414901,508.0158305,2.048737287,41.16576709,9.448190254
51.52597106,1.035826908,75.31562914,3.986684114,17.10247051,9.769917761
39.21444906,9.892897696,177.756987,0.374156722,20.05151197,9.742494733
85.86255241,1.018259006,602.8967876,0.489774495,25.24885812,9.601359188
17.47197327,0.865356842,453.7834183,2.711536941,41.14303734,9.525719311
57.6383668,5.863469353,317.7784414,1.487340309,14.94135987,9.76117019
4.715555671,2.830120284,792.0115414,3.96581598,37.2176394,9.543906896
64.23085709,8.781550438,865.4586825,1.911634262,33.26344539,9.516588821
88.53358992,7.398494147,925.1644535,4.886574455,25.39280528,9.565021912
59.656214,4.57980795,435.5030869,0.449146675,18.36694834,9.713123994
44.73396284,5.965606514,126.2141193,4.9068399,18.07792312,9.761865394
25.54558698,4.09826535,479.7008502,1.714533131,38.45083974,9.541975931
95.31942368,2.229124384,45.38561633,2.830022749,31.98838575,9.580258157
85.57450705,9.04624005,11.16648125,0.899123034,16.30821265,9.750226718
31.14543625,4.93183773,140.0080811,4.234390859,26.03889981,9.694464758
98.19423369,6.22265767,407.6691533,1.657553792,43.27037532,9.428335098
87.81888274,2.435532413,490.3521263,2.160473915,43.30078138,9.430138091
22.82449822,1.509650077,449.1658676,2.265628991,14.88256263,9.783433289
81.18456635,8.205450583,693.0845819,4.763601576,4.506687211,9.804440103
94.52312013,1.528958788,723.9385462,2.226720933,26.28650419,9.570217983
38.15450124,3.576993774,602.2106921,2.982594074,35.6888362,9.544736068
71.66259933,0.297333365,541.8518575,3.329086334,38.95854131,9.484566802
88.86723073,3.260058279,393.8052974,0.494264458,22.22739707,9.649478269
91.58217232,2.952278281,238.06291,0.825725303,29.02883955,9.594323141
52.34164669,4.468762259,267.4736163,4.887138906,8.043200638,9.840478985
27.69773592,3.140316812,418.8078307,0.901315771,7.683621038,9.853585271
24.22850879,5.246357746,764.6531495,1.388113426,39.42161527,9.505090024
6.722202661,2.342271318,421.9332424,1.717625921,13.85349547,9.812549518
37.12286652,8.251039151,183.8863811,2.188465777,32.30861922,9.621402303
41.39945352,9.035752874,99.57892886,2.050060623,47.77198899,9.470922764
46.60011134,8.343700939,68.44718087,3.661727536,13.91467528,9.807408418
7.991619329,6.322372604,804.717604,0.657296861,3.299744302,9.878539177
92.97590826,4.016624485,209.4352917,4.81165284,46.82326633,9.417847899
27.07102619,1.915828445,125.5531389,2.045604097,38.67428274,9.573630832
34.71733557,2.490508715,780.8895591,1.91144552,3.136427651,9.855829432
44.38527218,8.601325287,988.03492,2.887746202,19.81156552,9.658695581
56.06745047,3.833689199,287.6394235,3.676572567,10.44266661,9.810741941
11.58975678,8.211846182,53.42826088,0.428155466,21.84693091,9.764598108
99.9801449,1.070394991,379.4505667,0.494453016,22.05920665,9.641482732
34.13474864,6.282104751,956.0388003,0.985946679,33.98924456,9.530368926
94.86190933,7.983165441,865.5415751,2.100143534,48.64524481,9.332131485
23.26008285,1.808733873,938.0501189,1.687868335,25.85362611,9.624398644
72.55409863,9.952259344,165.0854641,3.886439031,12.68485311,9.784088824
37.30134715,5.497703789,99.52989216,4.508622735,23.63524911,9.716393173
47.22827685,4.704773812,86.39705119,0.869783366,13.92886829,9.804843335
58.77103684,9.961115106,367.6840571,4.241248998,0.689928936,9.897561268
77.30825283,4.614897571,666.1628568,2.208060058,18.26980463,9.673377415
89.88536746,5.996476876,107.1507203,0.284107893,5.924858369,9.840150977
18.85186044,2.034121588,957.5753649,0.651074468,35.70823419,9.528308261
89.5152285,4.326117149,759.6907792,4.062463375,22.63169366,9.608198757
76.44320193,0.147867116,160.9847043,3.152393304,14.81625739,9.759295754
28.67830353,3.92385092,343.667799,1.415708931,21.51072299,9.721847687
46.44999399,6.426768526,581.420846,0.811367623,39.28129186,9.502595003
97.18864052,3.050716125,882.2526249,3.196037827,18.8050407,9.62653569
85.91313258,8.661650526,483.9189146,3.924800169,28.99306874,9.575764289
15.65155898,5.727970847,395.5372895,3.202443316,41.88793241,9.525915388
69.30951363,3.112956963,43.67497924,1.77337876,9.119329358,9.835129695
74.5529946,0.090711321,571.5673811,0.337194825,10.87361258,9.759554141
38.88976481,4.711848512,34.29428425,0.301665406,36.83057235,9.589375083
28.76061029,5.337088074,493.5206804,2.371163788,36.95064822,9.552380839
56.02105187,5.080561337,150.0611938,0.934412362,45.9738528,9.469234301
23.84766709,2.08672878,185.7691591,2.541988419,39.89645956,9.558610821
73.7817195,1.340425928,117.7964063,3.612074803,28.71217808,9.627316859
4.533156397,7.722263819,527.3406217,1.566977521,9.384610388,9.848886678
86.18650269,7.846104115,525.6672951,1.519538212,7.644921473,9.784797553
8.093962133,7.398472972,241.8289394,1.892390706,5.047878148,9.917244362
92.86691721,7.295754486,881.9366951,0.208289265,3.956312683,9.779376286
26.99951776,0.08185871,177.6322927,1.503347924,9.923332246,9.856003931
62.81744083,3.852493949,230.1038659,2.584046762,13.61241572,9.778048015
58.9248725,4.824086669,90.50730972,2.0137289,6.642116235,9.865603234
30.59732912,5.49688127,600.5312982,3.632189156,32.79986257,9.581350915
44.9303983,7.589297707,28.20461431,4.737116374,11.9878565,9.832370575
69.44651037,2.97462389,690.2992551,2.340102849,12.60614892,9.735462075
91.33048276,2.336505776,82.15143539,0.26110075,15.81668974,9.742287476
14.02678414,2.582753046,991.9591719,2.412948058,31.96908565,9.567086442
92.65523389,0.263435176,447.6054172,4.047791562,44.16337005,9.420950524
84.71029511,3.685303813,218.5944805,3.88230145,13.08658064,9.76256445
18.27850053,0.809000572,506.4968203,4.616557411,14.75029118,9.783568906
76.6224195,0.916634343,169.9130125,1.542450623,13.90345761,9.767351703
54.01839695,0.652948337,824.5719368,2.333041136,29.02974125,9.573226997
34.4201283,1.091195201,220.8551525,1.064048819,13.95223167,9.80397204
93.23452362,2.454648099,420.412397,2.731678353,5.435028147,9.810373955
20.03479483,5.280955211,72.79402537,0.328240455,19.74046193,9.775281183
49.10858407,1.529504294,799.5533105,3.198977792,41.96705868,9.451265498
38.52576554,8.259263202,31.69290668,0.130224387,4.225380863,9.916051135
46.48849869,5.524095462,908.0907028,4.205788186,22.48804299,9.637822001
57.8620004,3.570715952,532.3077008,0.39642262,25.86771985,9.630230031
29.18028194,2.422957851,332.8165883,1.833447328,31.79721382,9.619565921
82.86251048,1.852753552,216.9814704,3.005585587,36.22534692,9.533185873
45.05234883,6.9689091,450.7566556,4.466743269,36.60982006,9.543773785
47.50858685,3.698619103,400.630989,3.995102301,15.2637831,9.759790483
14.36939933,0.373581768,222.485739,4.281878308,49.36929796,9.469689047
17.36092995,6.771021954,170.3869463,1.604708601,32.84687685,9.637131607
39.11060597,6.425990222,242.9599458,4.23078804,26.75962281,9.668997171
44.8698669,9.483355532,351.6261425,4.234473748,3.378186576,9.886185653
49.91240642,8.833706719,985.0581155,3.910536714,7.889239285,9.772689389
64.12479319,3.703637565,265.1071642,0.082318414,37.60254086,9.533339082
56.55417637,0.252594799,516.3860436,3.472080607,33.68457373,9.554961482
59.33775926,1.014793906,214.8229888,4.483555344,1.896265295,9.900217289
80.96894946,3.206444016,333.3705146,2.680578351,28.70919252,9.598602074
40.41757463,5.923581946,993.1051038,1.780421549,27.04324937,9.589839421
42.88676961,7.093947537,281.9984309,3.958861471,38.9785601,9.539127786
88.06286986,4.617635748,91.26267427,3.523998396,49.84761038,9.404334759
85.50528243,1.877143752,389.3890923,4.66360002,16.63831604,9.709172648
39.55373771,8.440174901,150.4417505,1.531546994,4.728511642,9.898116971
35.14775147,0.097992454,491.9335923,4.887677293,47.58366023,9.439822287
46.90600129,7.100229055,414.2796388,3.631079305,5.466912163,9.856996913
20.74130754,1.599753214,452.8677347,4.197759053,1.188210298,9.922089816
79.73611715,1.509291389,860.7366671,4.021607846,49.88889882,9.335301228
65.59401606,1.893116089,359.0609772,1.892904728,26.18347365,9.63666515
50.18525421,8.327103923,422.818482,4.493706605,37.03285638,9.537204334
33.2683727,5.049672377,956.5498696,3.83353492,20.03917874,9.670684853
40.93630677,7.331987851,273.8047704,0.695806124,22.34973993,9.708185817
17.99763233,2.836532232,523.6589402,3.904429312,14.29329404,9.786703533
35.43382128,5.061337195,889.8268411,2.95292892,35.17531199,9.523830375
73.27486251,1.98307345,201.8499633,0.305441988,38.38269898,9.522713151
86.26248371,3.401747622,313.3416203,1.062636337,10.07096245,9.78169373
84.83146295,5.572909558,236.0825472,3.98566368,45.37077346,9.437852548
31.2488346,7.693411061,912.0810187,4.105889024,4.014071075,9.837402353
25.90906406,9.142850389,120.4766358,4.565314546,25.78369515,9.704206321
89.14585072,1.866538806,895.958762,0.048302288,5.697260164,9.764285671
73.32070458,9.4523794,216.9654782,3.793526286,8.066456654,9.824318181
35.86555288,3.073669555,872.928772,3.891785818,19.99381505,9.676903419
8.736641499,9.836826058,917.679179,1.85025615,31.62211749,9.583274266
12.56792554,5.0271359,330.4913147,3.375885562,17.38604586,9.780522484
4.307890158,3.090931853,109.6341959,4.883912119,39.87588581,9.585969832
95.68743636,4.699820453,465.2310001,1.31522808,8.763306549,9.770156398
17.15791235,4.159104193,728.7373337,3.382089993,41.656918,9.493399174
82.15008462,1.916903401,969.6987167,3.000823197,40.14113647,9.419468679
33.37913522,3.02360654,78.27209428,2.275878987,42.01819192,9.538611736
68.14023081,9.788224238,956.6750144,2.080670199,21.37591928,9.622433075
71.92921568,1.553228233,869.2977146,4.749583095,33.24065955,9.508734417
11.12447255,2.700377016,371.7242781,4.227842596,18.32638374,9.768439262
64.43644647,9.017707256,692.3848972,0.760664561,34.0413923,9.525911141
35.83907597,2.682720048,884.7245136,0.023611638,34.72836367,9.528404836
66.05997469,6.593173937,453.6542826,4.534150217,19.79619593,9.690612638
0.607791089,4.860570218,713.4666557,3.293996659,25.16962773,9.676349266
86.07120739,8.512174537,814.3034672,2.236739037,31.70664049,9.515432041
80.79856434,0.700541014,93.96269891,2.332667508,1.429393476,9.895511231
44.26467044,2.208391061,695.2689887,2.805835228,33.86951873,9.547513243
38.43343739,2.764579128,271.7832682,2.063581213,18.64968263,9.747891409
74.51974486,1.925009403,351.9994067,0.106539433,31.072115,9.579559164
95.03505924,7.782277105,954.1197581,2.862781247,0.114139058,9.808411574
11.35119848,2.824360772,97.92665551,2.073645487,23.34643219,9.745391814
20.99517973,4.766340426,331.8166017,4.896778843,49.17198614,9.454103299
81.45627159,5.751223573,879.5911515,4.183956802,45.35027345,9.377081879
4.310800752,7.213312997,191.6960692,4.281462656,32.2281899,9.654237693
30.68412035,1.573615102,599.3996789,0.139425254,39.57736122,9.5136023
32.15942633,7.728068783,84.28390705,4.982035474,35.66548486,9.602757334
79.94100048,8.748951977,458.9521686,1.570004795,28.18233347,9.592340448
12.85880236,8.643766423,50.94789388,0.104594029,30.37339032,9.678312505
54.22798231,9.925003996,834.6634483,2.685091895,44.44087413,9.417896932
5.125430528,5.390089412,402.3324457,0.222055211,7.062702502,9.8840143
1.654319025,5.234434707,43.11430232,2.204413236,31.4665496,9.679368755
95.50563062,0.531342864,456.8161187,4.220862961,49.48930056,9.363919752
7.92543412,0.868985175,942.2142088,4.921573034,9.586968162,9.801983463
7.254656067,2.453473059,447.4987008,3.657283425,34.93282992,9.598667175
66.70274756,9.424000433,36.38884947,3.023981636,7.830144291,9.851356925
80.86452605,8.581504404,628.0329262,0.482686812,7.441584254,9.781916339
48.37877404,9.231270542,190.6356833,4.48306333,49.31356662,9.439421991
1.81997748,1.375009316,251.9459408,1.001384073,35.13167659,9.621668663
56.44099557,1.749334199,483.5101432,2.363375869,2.418656897,9.871021421
72.93971241,1.262605203,154.8199443,2.184586178,31.90567281,9.592521565
75.34114676,9.971973843,487.7958421,4.927226158,29.48184896,9.581060779
67.50657548,3.550951033,325.9025718,3.09226931,42.37147002,9.476188467
89.17271105,5.977536925,355.7240464,1.501272542,2.730604454,9.84794884
95.46303611,5.129643436,501.1080417,2.794332274,8.740870583,9.767017454
17.46351528,0.59640397,443.0964245,1.389097478,47.22492289,9.465977613
10.53574623,0.899366539,55.45647957,4.553462853,8.753140337,9.896387202
26.03184589,2.737467934,993.9095397,0.229506187,28.02059446,9.594371256
2.154790849,7.334967465,454.4355803,1.65941592,7.96067891,9.872794862
47.10871095,0.428922028,889.5077859,3.667741214,37.93579033,9.484582607
58.87756943,9.153018138,970.3564803,3.473932753,39.102718,9.453059603
99.16201508,0.504114701,843.038598,1.752356427,44.30109194,9.373523206
69.51932467,2.590990233,306.0449695,3.275573622,31.84643778,9.581411801
3.420162953,6.056794824,670.2630348,0.747898457,45.08414833,9.47871205
24.26907004,7.851496897,14.40167492,2.00408675,9.893414631,9.875356616
22.10178925,3.831863333,13.77085904,2.335608014,35.15521369,9.624968988
66.21229019,8.835823897,99.47506875,2.587293217,22.71643208,9.696675882
84.2523383,7.781448301,660.0171148,4.051291817,46.49272064,9.384818744
38.4300887,0.116968895,838.5174483,1.665180481,44.27098053,9.435008361
71.03963963,5.233910541,505.8218481,4.948526044,10.23750186,9.776003157
37.72842725,4.699493628,456.4072878,4.145874807,40.00496253,9.516581219
91.89440014,2.138309329,634.0682449,2.614919669,27.49240866,9.569774689
43.61143415,6.043464478,629.0874453,2.032384544,26.4131848,9.629347973
34.7069133,2.173409083,737.5099373,3.783179373,24.3287296,9.648254797
80.56232337,2.961859859,554.7952966,3.183438308,0.674076044,9.857217387
17.92270365,8.386783279,693.9778787,4.471437401,18.38320972,9.728847411
86.10530592,2.232429571,554.4666604,3.682524951,46.92619785,9.38918605
88.30582452,9.890503375,904.526271,3.025475503,21.54872787,9.60575427
3.467285772,3.26681434,256.5135893,1.8995539,16.27750517,9.808106304
97.20613477,1.233821092,720.3736215,2.10739205,24.0575141,9.590181362
10.80936852,4.803232055,368.0891113,4.25730783,3.236410524,9.920017615
13.30815284,3.467494267,663.2652167,2.260691404,3.723056299,9.883134762
32.95927751,4.887016836,384.8974547,3.894820725,9.133261947,9.837218358
93.85833294,4.559361088,305.2783828,1.978169936,28.21068033,9.593507025
3.531218793,9.100543944,27.32613749,4.391481181,13.55414757,9.858194692
4.513162678,5.963329755,834.0817812,4.673823543,41.78085929,9.494270066
6.186669002,2.949178352,807.3278809,4.004060746,12.08976656,9.792182877
70.96220424,9.109904005,273.1335718,0.671205171,4.384520103,9.857879238
66.07997884,6.168407686,544.5902328,2.501480633,39.87252911,9.480735707
21.67247844,1.217400684,740.2876475,3.198452683,36.08043542,9.543494403
46.47702558,5.369713823,85.85748782,1.176650161,34.10617863,9.603875439
1.100265263,9.10953599,837.341403,3.586082338,27.1183853,9.643981741
29.92087555,9.50704266,262.7512183,1.929825052,31.51923346,9.628611668
36.14491459,5.30085943,852.5165399,2.605434677,20.28840532,9.675719378
57.56705905,3.051843213,986.0155087,0.464951202,26.68795374,9.576951853
85.35715714,2.916893133,718.0824516,4.950963878,5.81185005,9.784716097
39.08001023,2.948555116,450.5757486,0.26275268,23.56977145,9.6801647
68.57638903,4.726636866,356.7066609,2.878597663,0.568688845,9.890066056
38.99687192,9.182355796,46.13405644,2.579968297,25.4486961,9.701902761
15.89385787,0.979303666,415.9030711,2.744871721,23.88221485,9.703693687
6.032478077,8.047667467,935.2074073,4.366247049,25.72835931,9.643163188
91.60058166,7.259804387,445.2000568,4.997922855,3.853200242,9.82534741
52.98198836,1.350156863,107.027686,1.018761701,28.42487609,9.652066482
9.568454207,1.092986678,850.5548428,2.09671393,24.83836499,9.656992412
24.74961834,3.81198864,968.6247808,4.493671309,38.34181928,9.494969711
1.518835414,5.474839073,808.9375986,4.94213882,37.99461251,9.53764128
75.31271793,0.443261896,937.3671151,0.987200438,18.75003096,9.643450261
85.24479981,6.97723499,764.6417805,2.937930275,11.99135764,9.718377446
93.95438506,2.100780634,44.89255103,0.064570059,7.933717764,9.822219182
72.84951589,0.538320032,60.58843103,0.948117151,34.81652004,9.572926441
89.09705099,9.662793969,725.6327426,4.609774837,27.50371684,9.563302506
55.647717,7.918679336,303.406062,2.146010896,28.81976681,9.625814009
6.202158192,4.836848913,306.0122503,0.423492483,12.47094277,9.838487189
99.04943719,7.291394108,691.4663343,2.037992216,38.71854779,9.444618451
83.74965026,0.869761697,352.1347548,4.470945997,21.18104632,9.669226411
50.98488311,1.680344667,89.00832333,4.757698701,10.50589656,9.835055319
13.51643053,7.891950443,87.40751364,0.764551323,42.80138661,9.549728952
88.79511532,6.537759897,669.6768671,0.807101518,0.665805464,9.837579143
64.47744889,8.728887001,102.7775685,0.53756706,7.064146005,9.854603334
76.82875106,8.058635642,994.6133691,3.291929791,33.02449364,9.493464976
91.16171066,3.625091813,778.7122814,1.596303292,20.05720543,9.630395007
86.71916046,1.629479747,993.532506,2.457818886,30.61998357,9.507727753
65.60600867,3.797579288,850.3344539,2.957436565,46.25924268,9.386768119
94.55324201,7.009515247,720.1058744,2.186967725,12.05764774,9.712859693
67.44912164,3.994137892,673.5032915,2.201969045,13.92764538,9.725924095
61.29950593,0.915330852,739.2376631,4.31470438,10.3618666,9.761158062
24.88616031,4.233707885,364.269335,4.568623073,17.55597858,9.76312712
98.43605162,6.630471951,380.745273,0.314416283,16.54601362,9.698029285
7.706084422,1.923241398,113.2457711,3.482756464,17.80288673,9.802940471
90.90499803,3.127088533,355.9109426,1.297072274,47.94887026,9.394015205
14.56223883,2.031722497,589.0122102,4.568960809,18.04083301,9.74612821
89.67197607,9.391425089,775.121239,2.696740055,40.63350682,9.426480832
91.47334543,9.659139755,147.2154271,3.43338261,12.56731147,9.768131997
57.2002986,0.896789091,127.2465555,0.627764771,17.34751579,9.756599888
45.07828938,7.546745091,905.320294,3.163133656,15.76893543,9.706700327
44.29167429,3.466175323,591.8778535,3.140660188,39.69290864,9.499591454
20.63378932,1.76641781,521.2251027,0.421373109,14.53291936,9.781914507
98.00334491,8.062672108,213.0492827,0.575158354,32.82601865,9.55243154
20.67436821,2.901735183,574.1627575,2.571049809,1.122518377,9.910684172
66.76388128,9.586438661,583.541855,1.281848803,22.46320107,9.650249922
32.21551046,2.919765445,737.8546934,3.748220723,8.66661407,9.80733288
69.81395584,7.862169992,277.9511826,4.923293669,34.85848623,9.553806064
58.5067692,8.429130491,726.6953907,2.975680562,33.52092507,9.533614441
59.44129923,8.628905373,89.90214114,0.43203347,14.56772365,9.78589125
48.59370868,8.669355366,625.4171637,2.42907215,6.747147485,9.8213931
54.45497193,1.434016487,373.4295058,2.08133757,9.000917511,9.818192902
92.62256327,3.562968555,400.8686495,3.717312439,27.96464936,9.587644078
26.57350909,4.671972394,262.0348871,2.021858517,3.736471534,9.909858287
91.85763644,9.288492982,206.5240958,4.705171162,25.54946081,9.631995346
2.281017432,1.969327576,615.9824081,2.542795594,21.2428886,9.723691856
28.3405349,9.10167,324.0177193,0.599291724,31.45104093,9.624747284
56.34523949,8.197778315,936.7729302,4.731317211,34.21189258,9.507858542
10.21143684,0.379064302,369.6924159,4.104781391,36.86800652,9.584139256
36.27563893,8.955551602,61.33487124,1.090291769,25.7021025,9.700569849
16.93489046,4.763204833,834.611601,0.718554205,41.54672872,9.484136662
85.80401317,6.698636659,68.68602109,0.421252982,18.17195248,9.72560786
42.00056476,1.616687989,610.0762849,1.691718378,34.05670402,9.556424767
31.33895705,5.105084203,111.3143454,4.535057886,13.6270985,9.821258623
80.48364038,0.569702862,850.2872733,0.19629049,43.63969211,9.398090711
17.7912097,5.080689445,56.17550596,0.752336411,14.93926642,9.827198575
19.39984661,4.517821992,807.9274538,0.690182745,30.99664774,9.589840931
43.03794594,0.611059891,839.4219914,3.620714836,32.20856768,9.550934178
17.93865821,1.227927632,906.3234764,4.517259141,10.73676665,9.784061328
34.08728188,2.579503952,656.6303847,1.380346107,16.84789302,9.731770749
46.46692507,3.499112517,735.9361148,1.610178685,33.07146487,9.549224815
82.71510435,8.789896047,711.9132605,0.67565262,12.12007984,9.724892771
67.89169585,4.926089523,617.0683853,0.777589682,8.490650975,9.785494956
59.02634288,1.449235165,587.9385905,1.513710171,43.31432842,9.449036514
45.1075619,8.407478173,982.5946969,0.483752935,5.941556556,9.797217403
29.07309634,0.421333385,251.5160165,4.305673754,39.98177138,9.545957588
19.43224057,1.914522949,333.5588304,3.271656395,35.04015437,9.596810333
98.66792225,4.396190903,926.8019965,0.546813613,0.938307039,9.799268808
82.09324837,6.259962394,64.87109101,1.961055581,40.30322974,9.508387345
30.92682406,9.653792705,684.0415868,3.620763467,49.37237421,9.406945275
76.37323355,6.809713578,641.7112894,4.27835266,32.86772115,9.530778426
0.577853104,6.82922173,476.8031393,3.000301165,24.6617987,9.705123846
2.257866596,8.841868393,914.8122563,2.323312276,44.12169219,9.465043986
90.05799104,8.074418165,985.0681003,0.796191972,21.90225758,9.592412623
40.68873254,9.147700943,177.0316019,3.85358231,8.281713391,9.858790973
74.8973562,7.272976487,581.9181991,1.267384208,38.97240304,9.477186794
87.08751685,0.297157325,799.32683,2.072551675,25.46410326,9.578338768
3.173371466,0.93520136,300.7041677,2.812908334,43.37890514,9.53296716
86.51975011,9.579911554,7.1612834,2.063610674,49.46309023,9.418133219
53.7718,3.085072767,817.2052022,2.443588185,22.69975878,9.637510092
69.37247581,1.043689478,385.1475337,2.96182536,34.80355825,9.544077188
3.468624672,0.853656543,247.2171985,2.401091401,26.23937088,9.709415947
39.34263498,0.530934948,522.1148815,0.290390996,16.604243,9.742403447
62.79629354,3.124532847,81.46898422,2.678140481,7.468904206,9.854367766
91.66733293,3.055548872,419.4133831,3.033468808,29.44565403,9.571934788
99.66761035,0.106022248,399.4264893,0.701419545,46.84870004,9.39190274
96.64496833,3.329176714,617.9574464,0.6772095,44.13602088,9.400199078
42.9993935,5.202121267,144.4822698,4.286581864,27.2002682,9.670549698
73.73720115,4.326852749,535.7649319,0.434616219,27.84211234,9.594265182
37.81110293,9.02387787,620.5055978,1.370321375,7.439379433,9.825744543
68.76288332,7.627521976,297.8432885,3.403393856,49.42009883,9.4072518
46.80003158,2.296109105,303.4405589,0.27022383,44.27093418,9.480146571
33.85400281,7.849555858,803.7771129,4.153531554,12.64851556,9.75928313
3.269367981,9.084479857,358.5617562,4.022727124,49.77431859,9.463131271
8.765033151,8.00320112,441.7271469,0.565222556,37.20007345,9.575061518
86.87033176,0.35405617,885.8708978,2.03047089,16.4145361,9.660397217
2.179344419,2.385383781,546.5889497,0.112549153,27.04473329,9.672714428
39.23954069,1.732092699,312.6667219,3.395673154,6.522026313,9.864273524
4.339898083,4.904982949,410.5879506,1.388958713,32.72239481,9.627377359
12.56432984,0.563869906,884.1448163,0.545202144,6.042431494,9.838596874
4.624636143,9.57125149,541.4334789,1.618284689,12.94311438,9.811800872
65.19277413,5.364655429,342.9776853,0.5739064,8.224493088,9.818264526
49.11717887,6.467925705,928.784735,2.146197413,2.567681504,9.832327533
18.11167784,3.650641284,237.2744637,1.479484357,25.37217003,9.704439176
80.36826662,0.01112501,643.2126347,2.496938676,5.665400968,9.79865646
23.76333999,7.020668061,894.4637382,4.509471388,17.82392485,9.708551038
59.82225116,4.027900174,431.4503767,0.880344276,27.37186849,9.623314026
25.87190799,7.203431865,970.6083232,1.405537271,26.39074241,9.613159836
71.72413698,7.219218572,653.2308597,1.32405639,27.79766434,9.584976134
71.4659046,4.995697955,907.7714195,3.748827309,46.5445203,9.37231175
56.5988328,0.744560561,886.2375637,4.323530425,10.35626454,9.751214765
22.79945061,5.532955973,52.0316773,0.592866526,17.19685564,9.800028825
52.75203284,9.475573126,598.9522489,0.444702771,29.79791869,9.589373555
60.10351356,8.987206257,257.2041094,2.647620824,14.77572423,9.766418833
17.81324852,7.21509551,735.6186597,4.139310573,11.61429238,9.792481962
52.02253847,4.505687898,854.269802,3.058912769,17.20222974,9.690528184
94.49989431,5.354647117,832.9847052,0.714686457,17.17672674,9.650434368
73.40488918,5.637968973,972.7142659,0.35661638,0.511207925,9.824211605
95.55648602,3.223811979,88.52162142,0.593517085,42.81786255,9.467412726
44.16521752,2.981715572,350.6015356,4.265107305,21.77393925,9.703035236
45.43912084,0.333365238,283.7201953,1.445198188,32.49175991,9.601271261
92.39082883,7.323057856,763.3747476,2.105994564,12.13351484,9.709936548
26.80013508,2.969222195,762.268521,2.065861006,28.00873179,9.616885695
89.23111339,2.858150379,959.2258995,4.820830057,21.5941449,9.598904848
9.543270245,5.046234487,433.3923458,2.181026199,4.753041961,9.899587076
78.06058129,7.530550599,378.667052,0.228763688,23.5370013,9.648702701
0.883813658,2.168691711,728.6236444,2.572774408,45.98098006,9.466444021
18.49115346,5.045681071,860.2140823,4.690466544,3.393131407,9.861556124
83.22321529,6.255334014,312.2180838,0.168973239,29.20546167,9.59350036
7.777803032,6.568850293,882.5256887,4.979025667,5.296604818,9.85100358
31.00298277,8.570876622,869.062337,1.464760646,39.34111724,9.488679611
62.93608594,3.896286462,282.2021549,1.09907849,29.44683394,9.614375359
23.18842823,5.439451906,36.01277935,4.845885222,0.108853435,9.972121759
9.135563977,9.47578572,853.7831302,2.687268068,31.5304258,9.590181865
91.8961151,8.291090686,613.1298864,0.536594568,46.35828105,9.383208086
11.93993384,1.628431023,343.1550209,0.042065927,32.56730599,9.628071504
15.62928273,6.161797658,544.60832,1.26570097,6.391112486,9.86599876
81.2638936,3.816177523,237.7152668,3.280505757,28.04582347,9.614506345
39.79339127,8.70234773,715.5465918,1.485276299,8.307493316,9.805577016
58.07319054,4.247347135,915.3195368,3.780925001,49.54736996,9.354921156
57.4106231,1.482797349,672.2257075,1.918898549,28.95847683,9.585782038
57.9854322,1.49636765,773.9480926,4.262675622,48.29480898,9.381671669
27.91279509,6.13397292,426.3047062,4.598155468,41.27551322,9.516701602
55.31380565,6.029287726,206.4683891,2.175602442,23.51982771,9.688841078
16.44154772,1.33672389,469.3094599,4.815453941,17.6231899,9.760395607
98.62072872,6.229280239,540.4113875,4.216588345,27.95321388,9.567805994
2.644120291,6.008888944,146.3577606,0.656253507,32.33860505,9.659334053
16.07799954,1.627460969,563.5638582,1.188660508,3.126327318,9.896302341
90.96329113,5.484458507,305.1293824,0.119746379,41.52250369,9.463298734
87.91228896,6.277590051,368.1140771,2.710597455,6.893029224,9.806346011
52.26869056,1.143681428,3.366939222,2.867323503,22.97626233,9.717631992
22.00676245,9.024287799,477.7404075,3.420169955,1.528713958,9.914932057
29.91754307,0.803643457,299.4176356,2.885899943,25.33402597,9.686800434
93.09407936,9.110921696,188.4008515,2.09105458,44.78987844,9.440167051
91.66339216,5.328243336,959.389745,2.303230483,47.96237784,9.332773855
88.85101824,2.803163122,66.01135824,0.944782021,19.94986539,9.705049192
38.58809641,6.734704199,401.3719615,1.578274987,7.31218114,9.848152896
90.44593844,3.648195254,178.0639831,2.709569518,11.34067324,9.778340931
95.80035451,1.04799314,501.4043152,2.861603093,13.32473909,9.720811823
72.01450678,9.308875797,258.9268669,2.919735889,29.71930061,9.6048998
61.12817371,6.968372467,8.200751252,0.889035143,23.91795566,9.698872195
27.71028073,7.315110438,131.2851888,2.493231889,31.00910188,9.649070182
19.77036879,8.078908065,938.6262408,3.810296528,23.31267798,9.653240227
63.69968761,8.182270061,212.6121027,3.746770225,18.3987017,9.731052085
30.88107183,5.925112575,834.2497675,1.285743292,16.01048478,9.725589104
86.1065115,0.707262569,352.4093862,4.898659529,16.08963862,9.717756164
24.34473655,9.532469692,242.9591741,1.52952673,33.34794767,9.617879869
12.76918421,4.824463706,142.3653936,3.077029293,37.75886339,9.595405643
49.61940606,8.528471688,319.4910786,2.901246439,22.43575838,9.694073902
30.54599464,3.383922432,289.7615069,0.934529489,47.57471164,9.464730738
34.11327564,9.715107757,616.6017939,1.043286337,3.501305891,9.869213486
70.04109494,7.247589674,395.8899816,2.990686274,42.97179163,9.460651991
88.77199254,2.248615299,236.5306943,2.990484758,35.89744419,9.528600496
19.64930431,0.009564403,219.7646551,4.748539616,22.09479254,9.737426305
